,Actual Cash Value,Body Style,Closing Date,Color,Cylinders,Drive,Engine,Fuel,Keys,Location,Odometer,Offer Ends in,Primary Damage,Repair Cost,Runs & Drive:,Sale Date,Sale Status,Secondary Damage,Special Note,Title State/Type,VIN,bid
Salvage-2003-Dodge-DURANGO+SP-for-Sale,"$ 2,413 USD",4dr sport,Virtual Sale date not set,Blue,8,FOUR BY FOUR,4.7L 8,Gasoline,YES,OH - CLEVELAND WEST,177394 ACTUAL,,Front end,"$ 12,405 USD",Unknown,Future Sale,On minimum bid,Side,,OH CLEAN TITLE,1D4HS38N63F526149  Get instaVIN history report,
Salvage-2009-Chevrolet-SUBURBAN+K-for-Sale,"$ 13,092 USD",4dr sport,Virtual Sale date not set,White,8,FOUR BY FOUR,5.3L 8,Flexible fuel,YES,NC - RALEIGH,215687 EXEMPT,,Front end,"$ 7,502 USD",Run & drive verified,Future Sale,Pure sale,,,NC SALVAGE CERTIFICATE,1GNFK26349R141333  Get instaVIN history report,
Salvage-2017-Chevrolet-CRUZE+LT-for-Sale,"$ 14,312 USD",Sedan 4 door,Virtual Sale date not set,Silver,4,FRONT-WHEEL DRIVE,1.4L 4,Gasoline,YES,IN - INDIANAPOLIS,0 NOT ACTUAL,,Front end,,Unknown,Future Sale,Pure sale,Side,,IN SALVAGE TITLE,1G1BE5SM4H7181610  Get instaVIN history report,
Salvage-2015-Toyota-COROLLA+L-for-Sale,"$ 8,582 USD",Sedan 4 door,Virtual Sale date not set,White,4,FRONT-WHEEL DRIVE,1.8L 4,Gasoline,YES,IN - INDIANAPOLIS,0 NOT ACTUAL,,Front end,"$ 11,071 USD",Unknown,Future Sale,Pure sale,,,IN SALVAGE TITLE,2T1BURHE2FC272663  Get instaVIN history report,
Salvage-2010-Nissan-MURANO+S-for-Sale,"$ 8,125 USD",4dr sport,09/13/2019 at 09.00 AM EDT,White,6,ALL WHEEL DRIVE,3.5L 6,Gasoline,NO,MA - NORTH BOSTON,0 NOT ACTUAL,,Front end,"$ 9,398 USD",Unknown,09/13/2019 at 10.00 AM EDT,On minimum bid,Undercarriage,,MA SALVAGE TITLE,JN8AZ1MW7AW128902  Get instaVIN history report,
Salvage-2016-Subaru-CROSSTREK-for-Sale,"$ 22,274 USD",4dr sport,Virtual Sale date not set,Silver,4,ALL WHEEL DRIVE,2.0L 4,Gasoline,YES,CO - DENVER,30680 ACTUAL,,Front end,"$ 16,400 USD",Run & drive verified,Future Sale,Pure sale,,,CO CLEAN TITLE,JF2GPANC8G8241126  Get instaVIN history report,
Salvage-2006-Toyota-CAMRY+LE-for-Sale,"$ 4,541 USD",Sedan 4 door,Virtual Sale date not set,Silver,4,FRONT-WHEEL DRIVE,2.4L 4,Gasoline,YES,SC - COLUMBIA,154127 ACTUAL,,Front end,"$ 4,447 USD",Run & drive verified,Future Sale,Pure sale,,,SC CLEAN TITLE,4T1BE32K26U744450  Get instaVIN history report,
Salvage-2007-Nissan-MURANO+SL-for-Sale,"$ 5,401 USD",4dr sport,Virtual Sale date not set,Blue,6,ALL WHEEL DRIVE,3.5L 6,Gasoline,NO,IN - INDIANAPOLIS,0 EXEMPT,,Front end,,Unknown,Future Sale,Pure sale,Side,,IN CLEAN TITLE,JN8AZ08W17W633704  Get instaVIN history report,
Salvage-2016-Honda-CIVIC+EX-for-Sale,"$ 16,942 USD",Sedan 4 door,09/12/2019 at 11.30 AM PDT,Black,4,FRONT-WHEEL DRIVE,2.0L 4,Gasoline,NO,CA - SAN BERNARDINO,0 NOT ACTUAL,,Front end,"$ 18,500 USD",Unknown,09/12/2019 at 12.00 PM PDT,On minimum bid,Side,,CA NON-REPAIRABLE,19XFC2F88GE214777  Get instaVIN history report,
Salvage-2010-Chevrolet-MALIBU+LTZ-for-Sale,"$ 5,228 USD",Sedan 4 door,Virtual Sale date not set,Gray,4,FRONT-WHEEL DRIVE,2.4L 4,Gasoline,YES,IN - INDIANAPOLIS,142054 ACTUAL,,Front end,"$ 5,228 USD",Run & drive verified,Future Sale,Pure sale,,,IN SALVAGE TITLE,1G1ZE5EB8A4160386  Get instaVIN history report,
Salvage-2005-Jeep-GRAND+CHEROKEE-for-Sale,"$ 3,675 USD",4dr sport,09/10/2019 at 09.00 AM EDT,White,6,REAR-WHEEL DRIVE,3.7L 6,Gasoline,YES,FL - OCALA,177129 ACTUAL,,Front end,"$ 14,462 USD",Vehicle Starts,09/10/2019 at 10.00 AM EDT,On minimum bid,Side,,FL CERTIFICATE OF DESTRUCTION,1J4GS48K85C634100  Get instaVIN history report,
Salvage-2010-Dodge-CHARGER+SX-for-Sale,"$ 5,993 USD",Sedan 4 door,Virtual Sale date not set,Red,6,REAR-WHEEL DRIVE,3.5L 6,Gasoline,YES,MO - ST. LOUIS,172285 ACTUAL,,Front end,"$ 4,040 USD",Unknown,Future Sale,Pure sale,Mechanical,,MO SALVAGE CERTIFICATE,2B3CA3CV7AH171121  Get instaVIN history report,
Salvage-2014-Toyota-SIENNA+XLE-for-Sale,"$ 19,239 USD",Sports van,Virtual Sale date not set,Blue,6,FRONT-WHEEL DRIVE,3.5L 6,Gasoline,YES,IN - INDIANAPOLIS,80481 ACTUAL,,Top/roof,,Run & drive verified,Future Sale,Pure sale,,,IN SALVAGE TITLE,5TDYK3DC4ES511444  Get instaVIN history report,
Salvage-2007-Pontiac-GRAND+PRIX-for-Sale,"$ 2,585 USD",Sedan 4 door,Virtual Sale date not set,Black,6,FRONT-WHEEL DRIVE,3.8L 6,Gasoline,NO,NC - RALEIGH,206578 EXEMPT,,Front end,,Unknown,Future Sale,Pure sale,,,NC SALVAGE CERTIFICATE,2G2WP552671209145  Get instaVIN history report,
Salvage-2010-Volkswagen-ROUTAN+SE-for-Sale,"$ 6,246 USD",Sports van,Virtual Sale date not set,Black,6,FRONT-WHEEL DRIVE,3.8L 6,Gasoline,NO,MI - DETROIT,139114 ACTUAL,,Front end,"$ 5,678 USD",Unknown,Future Sale,Pure sale,,,MI CLEAN TITLE,2V4RW3D14AR209412  Get instaVIN history report,
Salvage-2013-Ford-C-MAX+SEL-for-Sale,"$ 10,012 USD",Hatchback,Virtual Sale date not set,Gray,4,FRONT-WHEEL DRIVE,2.0L 4,Hybrid,YES,NV - LAS VEGAS,63586 ACTUAL,,Rear end,"$ 8,348 USD",Run & drive verified,Future Sale,Pure sale,Front end,,NV SALVAGE TITLE,1FADP5BUXDL517570  Get instaVIN history report,
Salvage-2014-Mazda-3+TOURING-for-Sale,"$ 11,974 USD",Hatchback,Virtual Sale date not set,White,4,FRONT-WHEEL DRIVE,2.0L 4,Gasoline,YES,MN - MINNEAPOLIS,88789 ACTUAL,,Front end,"$ 11,704 USD",Run & drive verified,Future Sale,Pure sale,Side,,MN SALVAGE TITLE,JM1BM1L73E1207009  Get instaVIN history report,
Salvage-2010-Honda-ODYSSEY+EX-for-Sale,"$ 4,723 USD",Sports van,Virtual Sale date not set,Blue,6,FRONT-WHEEL DRIVE,3.5L 6,Gasoline,YES,IN - INDIANAPOLIS,289291 ACTUAL,,Front end,"$ 5,002 USD",Run & drive verified,Future Sale,Pure sale,,VEH LOCATED @ CICERO SUBLOT,IN SALVAGE TITLE,5FNRL3H48AB060862  Get instaVIN history report,
Salvage-2017-Nissan-ROGUE+S-for-Sale,"$ 16,042 USD",4dr sport,,White,4,ALL WHEEL DRIVE,2.5L 4,Gasoline,NO,RENTAL VEHICLE SALE,0 NOT ACTUAL,,Front end,"$ 18,463 USD",Unknown,Future Sale,On approval,,,MO SALVAGE CERTIFICATE,KNMAT2MV7HP511138  Get instaVIN history report,
Salvage-2015-Jeep-PATRIOT+LA-for-Sale,"$ 21,299 USD",4dr sport,Virtual Sale date not set,Gray,4,FOUR BY FOUR,2.4L 4,Gasoline,NO,NY - NEWBURGH,0 NOT ACTUAL,,All over,,Unknown,Future Sale,Pure sale,Biohazard/chemical,,NY PARTS ONLY,1C4NJRFB4FD312646  Get instaVIN history report,
Salvage-2017-Nissan-ROGUE+S-for-Sale,"$ 14,605 USD",4dr sport,,Red,4,ALL WHEEL DRIVE,2.5L 4,Gasoline,YES,RENTAL VEHICLE SALE,41858 ACTUAL,,Front end,"$ 18,919 USD",Run & drive verified,Future Sale,On approval,Rear end,,MO SALVAGE CERTIFICATE,JN8AT2MV0HW268119  Get instaVIN history report,
Salvage-2013-Honda-CIVIC+LX-for-Sale,"$ 13,980 CAD",Coupe,Virtual Sale date not set,Black,4,FRONT-WHEEL DRIVE,1.8L 4,Gasoline,NO,AB - CALGARY,0 NOT ACTUAL,,All over,"$ 11,950 CAD",Unknown,Future Sale,Pure sale,,,AB BILL OF SALE - SALVAGE,2HGFG3B55DH001941  Get instaVIN history report,
Salvage-2013-Lincoln-MKX-for-Sale,"$ 16,842 USD",4dr sport,Virtual Sale date not set,Brown,6,FRONT-WHEEL DRIVE,3.7L 6,Gasoline,YES,NC - RALEIGH,121318 ACTUAL,,Water/flood,,Unknown,Future Sale,Pure sale,,VEH LOC @ CONVERSE SUB LOT,NC WATER/FLOOD DAMAGE,2LMDJ6JK8DBL35531  Get instaVIN history report,
Salvage-2005-Lexus-RX+330-for-Sale,"$ 8,058 USD",4dr sport,Virtual Sale date not set,Blue,6,ALL WHEEL DRIVE,3.3L 6,Gasoline,YES,MI - DETROIT,145652 EXEMPT,,Front end,"$ 7,504 USD",Run & drive verified,Future Sale,Pure sale,,,MI CLEAN TITLE,JTJHA31U150091318  Get instaVIN history report,
Salvage-2018-Hyundai-ELANTRA+SE-for-Sale,"$ 14,870 USD",Sedan 4 door,,Gray,4,FRONT-WHEEL DRIVE,2.0L 4,Gasoline,YES,RENTAL VEHICLE SALE,24283 ACTUAL,,Front end,"$ 14,896 USD",Run & drive verified,Future Sale,Pure sale,,,MO SALVAGE CERTIFICATE,5NPD84LFXJH306077  Get instaVIN history report,
Salvage-2010-Hyundai-SONATA+GLS-for-Sale,"$ 2,738 USD",Sedan 4 door,Virtual Sale date not set,Gray,4,FRONT-WHEEL DRIVE,2.4L 4,Gasoline,YES,SC - COLUMBIA,196945 ACTUAL,,Front end,"$ 4,684 USD",Run & drive verified,Future Sale,Pure sale,,,SC SALVAGE TITLE,5NPET4AC9AH617592  Get instaVIN history report,
Salvage-2019-Hyundai-ELANTRA+SE-for-Sale,,Sedan 4 door,09/17/2019 at 09.00 AM EDT,Black,4,FRONT-WHEEL DRIVE,2.0L 4,Gasoline,YES,IN - INDIANAPOLIS,7053 ACTUAL,,Front end,,Unknown,09/17/2019 at 10.00 AM EDT,On minimum bid,,,IN SALVAGE TITLE,5NPD74LF2KH405335  Get instaVIN history report,
Salvage-2006-Honda-ACCORD+EX-for-Sale,"$ 2,084 USD",Sedan 4 door,Virtual Sale date not set,Red,4,FRONT-WHEEL DRIVE,2.4L 4,Gasoline,YES,NC - RALEIGH,0 EXEMPT,,Water/flood,"$ 1,921 USD",Unknown,Future Sale,On minimum bid,Biohazard/chemical,VEH LOC @ CONVERSE SUB LOT,SC FLOOD - SALVAGE,1HGCM56796A122668  Get instaVIN history report,
Salvage-2014-Honda-CIVIC+HYBRID-for-Sale,"$ 14,030 USD",Sedan 4 door,Virtual Sale date not set,Gray,4,FRONT-WHEEL DRIVE,1.5L 4,Hybrid,YES,CA - SACRAMENTO,64164 ACTUAL,,Rear end,"$ 9,446 USD",Vehicle Starts,Future Sale,Pure sale,,VEH LOC @ FRUITRIDGE SUBLOT,CA SALVAGE CERTIFICATE,19XFB4F30EE200534  Get instaVIN history report,
Salvage-2016-Chevrolet-MALIBU+LT-for-Sale,"$ 11,082 USD",Sedan 4 door,Virtual Sale date not set,Charcoal,4,FRONT-WHEEL DRIVE,1.5L 4,Gasoline,YES,IN - INDIANAPOLIS,0 NOT ACTUAL,,Front end,,Unknown,Future Sale,Pure sale,,,IN SALVAGE TITLE,1G1ZE5ST0GF274053  Get instaVIN history report,
Salvage-2014-Nissan-PATHFINDER-for-Sale,,4dr sport,Virtual Sale date not set,Gray,6,FOUR BY FOUR,3.5L 6,Gasoline,NO,MA - NORTH BOSTON,0 NOT ACTUAL,,Rear end,,Unknown,Future Sale,On approval,Front end,,MA CLEAN TITLE,5N1AR2MM5EC666002  Get instaVIN history report,
Salvage-2007-Dodge-NITRO+SXT-for-Sale,"$ 6,505 USD",4dr sport,Virtual Sale date not set,Black,6,ALL WHEEL DRIVE,3.7L 6,Gasoline,YES,FL - JACKSONVILLE WEST,81134 EXEMPT,,Rear end,"$ 4,402 USD",Run & drive verified,Future Sale,Pure sale,,,FL SALVAGE TITLE/REBUILDABLE,1D8GU28K67W727513  Get instaVIN history report,
Salvage-2010-Honda-ACCORD+EXL-for-Sale,"$ 7,495 USD",Sedan 4 door,Virtual Sale date not set,Burgundy,4,FRONT-WHEEL DRIVE,2.4L 4,Gasoline,YES,MA - NORTH BOSTON,117922 ACTUAL,,Front end,"$ 5,899 USD",Run & drive verified,Future Sale,Pure sale,Minor dent/scratches,,MA SALVAGE TITLE,1HGCP2F86AA014922  Get instaVIN history report,
Salvage-2016-Mitsubishi-LANCER+ES-for-Sale,"$ 10,989 USD",Sedan 4 door,Virtual Sale date not set,Silver,4,FRONT-WHEEL DRIVE,2.0L 4,Gasoline,YES,CA - SACRAMENTO,48205 ACTUAL,,Front end,,Run & drive verified,Future Sale,Pure sale,Rear end,,CA SALVAGE CERTIFICATE,JA32U2FU9GU002625  Get instaVIN history report,
Salvage-2013-Nissan-ALTIMA+2.5-for-Sale,"$ 7,458 USD",Sedan 4 door,09/10/2019 at 09.00 AM EDT,Blue,4,FRONT-WHEEL DRIVE,2.5L 4,Gasoline,YES,NC - RALEIGH,119108 ACTUAL,,Hail,"$ 7,194 USD",Run & drive verified,09/10/2019 at 10.00 AM EDT,On minimum bid,,,NC SALVAGE CERTIFICATE,1N4AL3AP3DC101987  Get instaVIN history report,
Salvage-2008-Chevrolet-CORVETTE-for-Sale,"$ 21,300 USD",Coupe,Virtual Sale date not set,Black,8,REAR-WHEEL DRIVE,6.2L 8,Gasoline,NO,TN - NASHVILLE,0 EXEMPT,,All over,"$ 17,000 USD",Unknown,Future Sale,On minimum bid,,,TN NON-REPAIRABLE,1G1YY26W085106684  Get instaVIN history report,
Salvage-2003-Toyota-CAMRY-for-Sale,"$ 5,529 USD",Sedan 4 door,09/18/2019 at 11.30 AM CDT,White,4,FRONT-WHEEL DRIVE,2.4L 4,Gasoline,YES,AL - TANNER,61023 EXEMPT,,Side,"$ 3,144 USD",Run & drive verified,09/18/2019 at 12.00 PM CDT,On minimum bid,,,TN SALVAGE CERTIFICATE,4T1BE32KX3U171504  Get instaVIN history report,
Salvage-2015-Chevrolet-MALIBU+2LT-for-Sale,"$ 9,495 USD",Sedan 4 door,Virtual Sale date not set,Maroon,4,FRONT-WHEEL DRIVE,2.5L 4,Gasoline,YES,ME - LYMAN,78168 ACTUAL,,Front end,"$ 11,107 USD",Unknown,Future Sale,Pure sale,Minor dent/scratches,,ME SALVAGE TITLE,1G11D5SL1FF148623  Get instaVIN history report,
Salvage-2013-Nissan-SENTRA+S-for-Sale,"$ 11,285 USD",Sedan 4 door,Virtual Sale date not set,Black,4,FRONT-WHEEL DRIVE,1.8L 4,Gasoline,YES,SC - COLUMBIA,22943 ACTUAL,,Side,"$ 6,577 USD",Vehicle Starts,Future Sale,Pure sale,,,GA SALVAGE TITLE,3N1AB7AP4DL651517  Get instaVIN history report,
Salvage-2002-Ford-TAURUS+SES-for-Sale,"$ 4,700 USD",Sedan 4 door,Virtual Sale date not set,Beige,6,FRONT-WHEEL DRIVE,3.0L 6,Flexible fuel,YES,AL - MOBILE,110172 ACTUAL,,Rear end,"$ 4,700 USD",Unknown,Future Sale,Pure sale,Front end,,AL SALVAGE TITLE,1FAFP552X2G210263  Get instaVIN history report,
Salvage-2011-Honda-ACCORD+SE-for-Sale,"$ 6,945 USD",Sedan 4 door,Virtual Sale date not set,Gray,4,FRONT-WHEEL DRIVE,2.4L 4,Gasoline,YES,NC - CHINA GROVE,132829 ACTUAL,,Front end,,Run & drive verified,Future Sale,Pure sale,,,NC SALVAGE CERTIFICATE,1HGCP2F62BA010141  Get instaVIN history report,
Salvage-2010-Dodge-CHARGER-for-Sale,"$ 4,450 USD",Sedan 4 door,Virtual Sale date not set,Black,6,REAR-WHEEL DRIVE,3.5L 6,Gasoline,YES,IN - HAMMOND,146072 ACTUAL,,Front end,,Run & drive verified,Future Sale,Pure sale,Rear end,,IN SALVAGE TITLE,2B3CA2CV2AH301686  Get instaVIN history report,
Salvage-1998-Toyota-CAMRY+CE-for-Sale,,Sedan 4 door,Virtual Sale date not set,Gray,4,FRONT-WHEEL DRIVE,2.2L 4,Gasoline,YES,MN - MINNEAPOLIS NORTH,264683 EXEMPT,,Mechanical,,Unknown,Future Sale,On minimum bid,Front end,VEH LOC @ BUNKER SUBLOT,MN CLEAN TITLE,4T1BG22K6WU359638  Get instaVIN history report,
Salvage-2012-Chevrolet-CRUZE+ECO-for-Sale,"$ 6,717 USD",Sedan 4 door,Virtual Sale date not set,Silver,4,FRONT-WHEEL DRIVE,1.4L 4,Gasoline,YES,IN - INDIANAPOLIS,92239 ACTUAL,,Front end,,Vehicle Starts,Future Sale,Pure sale,Minor dent/scratches,,IN CLEAN TITLE,1G1PK5SC2C7365054  Get instaVIN history report,
Salvage-2007-Honda-ACCORD+LX-for-Sale,"$ 3,180 USD",Sedan 4 door,Virtual Sale date not set,Blue,4,FRONT-WHEEL DRIVE,2.4L 4,Gasoline,NO,GA - ATLANTA WEST,0 EXEMPT,,Rear end,,Unknown,Future Sale,Pure sale,Front end,,GA SALVAGE TITLE,1HGCM56437A144401  Get instaVIN history report,
Salvage-2007-Honda-CIVIC+HYBRID-for-Sale,"$ 5,692 USD",Sedan 4 door,09/11/2019 at 11.30 AM CDT,White,4,FRONT-WHEEL DRIVE,1.3L 4,Hybrid,YES,AL - TANNER,119128 EXEMPT,,Side,,Vehicle Starts,09/11/2019 at 12.00 PM CDT,On minimum bid,Front end,,AL SALVAGE TITLE,JHMFA36207S030064  Get instaVIN history report,
Salvage-2012-GMC-TERRAIN+SL-for-Sale,"$ 12,136 USD",4dr sport,Virtual Sale date not set,Black,4,ALL WHEEL DRIVE,2.4L 4,Flexible fuel,YES,MI - DETROIT,76980 ACTUAL,,Front end,"$ 8,610 USD",Run & drive verified,Future Sale,On minimum bid,,,MI CLEAN TITLE,2GKFLTEK1C6133153  Get instaVIN history report,
Salvage-2012-Chrysler-300-for-Sale,"$ 8,274 USD",Sedan 4 door,Virtual Sale date not set,Silver,6,REAR-WHEEL DRIVE,3.6L 6,Flexible fuel,NO,GA - ATLANTA WEST,0 NOT ACTUAL,,Stripped,,Unknown,Future Sale,Pure sale,All over,,GA SALVAGE TITLE,2C3CCAAG8CH186039  Get instaVIN history report,
Salvage-2012-BMW-X3+XDRIVE2-for-Sale,"$ 14,231 USD",4dr sport,Virtual Sale date not set,White,6,ALL WHEEL DRIVE,3.0L 6,Gasoline,YES,MI - DETROIT,67501 ACTUAL,,Side,"$ 13,156 USD",Unknown,Future Sale,Pure sale,,,MI CLEAN TITLE,5UXWX5C56CL724352  Get instaVIN history report,
Salvage-2016-Dodge-JOURNEY+CR-for-Sale,"$ 20,091 USD",4dr sport,09/10/2019 at 11.30 AM CDT,White,6,ALL WHEEL DRIVE,3.6L 6,Flexible fuel,YES,MN - MINNEAPOLIS NORTH,38620 ACTUAL,,Water/flood,"$ 20,091 USD",Run & drive verified,09/10/2019 at 12.00 PM CDT,On minimum bid,,,MN FLOOD SALVAGE,3C4PDDGG3GT120773  Get instaVIN history report,
Salvage-2014-Infiniti-QX60-for-Sale,"$ 19,504 USD",4dr sport,09/13/2019 at 09.00 AM EDT,Black,6,ALL WHEEL DRIVE,3.5L 6,Gasoline,YES,MA - NORTH BOSTON,0 NOT ACTUAL,,Front end,"$ 16,668 USD",Unknown,09/13/2019 at 10.00 AM EDT,On minimum bid,Minor dent/scratches,,MA SALVAGE TITLE,5N1AL0MM6EC543427  Get instaVIN history report,
Salvage-2009-Toyota-COROLLA+BA-for-Sale,"$ 4,792 USD",Sedan 4 door,Virtual Sale date not set,White,4,FRONT-WHEEL DRIVE,1.8L 4,Gasoline,YES,IN - INDIANAPOLIS,152540 ACTUAL,,Front end,,Run & drive verified,Future Sale,Pure sale,Side,,IN CLEAN TITLE,1NXBU40E49Z077634  Get instaVIN history report,
Salvage-2012-GMC-ACADIA+SLT-for-Sale,"$ 9,915 USD",4dr sport,Virtual Sale date not set,White,6,ALL WHEEL DRIVE,3.6L 6,Gasoline,YES,IN - INDIANAPOLIS,148670 ACTUAL,,Front end,"$ 8,523 USD",Run & drive verified,Future Sale,Pure sale,,,IN SALVAGE TITLE,1GKKVRED5CJ111933  Get instaVIN history report,
Salvage-2009-Ford-ESCAPE-for-Sale,"$ 7,850 USD",4dr sport,Virtual Sale date not set,White,6,FOUR BY FOUR,3.0L 6,Gasoline,YES,NY - LONG ISLAND,0 NOT ACTUAL,,Rear end,"$ 7,664 USD",Unknown,Future Sale,On minimum bid,,,NY MV907A DISMANTLERS,1FMCU93G29KA87587  Get instaVIN history report,
Salvage-2007-Chevrolet-IMPALA+LT-for-Sale,,Sedan 4 door,Virtual Sale date not set,Silver,6,FRONT-WHEEL DRIVE,3.9L 6,Gasoline,YES,NC - CHINA GROVE,190571 ACTUAL,,Front end,,Vehicle Starts,Future Sale,Pure sale,,,NC PARTS ONLY,2G1WC58R079410114  Get instaVIN history report,
Salvage-2004-Ford-TAURUS+SES-for-Sale,"$ 3,236 USD",Sedan 4 door,Virtual Sale date not set,Gold,6,FRONT-WHEEL DRIVE,3.0L 6,Gasoline,YES,TX - LONGVIEW,140875 EXEMPT,,Front end,,Unknown,Future Sale,Pure sale,,,TX SALVAGE VEHICLE TITLE,1FAFP55S94A185474  Get instaVIN history report,
Salvage-2002-Volkswagen-PASSAT+GLS-for-Sale,$ 150 USD,Sedan 4 door,Virtual Sale date not set,Gray,4,FRONT-WHEEL DRIVE,1.8L 4,Gasoline,YES,MN - MINNEAPOLIS NORTH,169638 EXEMPT,,Normal wear,,Run & drive verified,Future Sale,On approval,,VEHICLE LOC @ U PULL R PART,MN CLEAN TITLE,WVWPD63B52P340533  Get instaVIN history report,
Salvage-2009-Ford-TAURUS+LIM-for-Sale,"$ 5,632 USD",Sedan 4 door,Virtual Sale date not set,Tan,6,FRONT-WHEEL DRIVE,3.5L 6,Gasoline,NO,MI - IONIA,0 NOT ACTUAL,,Front end,"$ 4,366 USD",Unknown,Future Sale,Pure sale,Minor dent/scratches,,MI CLEAN TITLE,1FAHP25W89G112871  Get instaVIN history report,
Salvage-2008-Infiniti-G35-for-Sale,,Sedan 4 door,Virtual Sale date not set,White,6,ALL WHEEL DRIVE,3.5L 6,Gasoline,YES,NJ - TRENTON,156495 ACTUAL,,Minor dent/scratches,,Run & drive verified,Future Sale,On approval,,,NJ CLEAN TITLE,JNKBV61F08M264645  Get instaVIN history report,
Salvage-2014-Dodge-CHARGER+R-for-Sale,"$ 11,184 USD",Sedan 4 door,Virtual Sale date not set,Maroon,8,REAR-WHEEL DRIVE,5.7L 8,Gasoline,YES,IN - INDIANAPOLIS,105228 ACTUAL,,Front end,"$ 9,152 USD",Unknown,Future Sale,Pure sale,,,IN SALVAGE TITLE,2C3CDXCT9EH219403  Get instaVIN history report,
Salvage-2007-Suzuki-SX4+SPORT-for-Sale,"$ 3,767 CAD",Hatchback,,Orange,4,ALL WHEEL DRIVE,2.0L 4,Gasoline,YES,ATLANTIC CANADA AUCTION,169340 ACTUAL,,Front end,"$ 4,366 CAD",Run & drive verified,Future Sale,Pure sale,,,NB SALVAGE TITLE,JS2YB417175101356  Get instaVIN history report,
Salvage-2008-Pontiac-G6+BASE-for-Sale,"$ 4,345 USD",Sedan 4 door,09/10/2019 at 09.00 AM EDT,Red,4,FRONT-WHEEL DRIVE,2.4L 4,Gasoline,YES,NC - RALEIGH,126576 EXEMPT,,Front end,"$ 4,668 USD",Unknown,09/10/2019 at 10.00 AM EDT,On minimum bid,Mechanical,,NC SALVAGE CERTIFICATE,1G2ZG57B884244253  Get instaVIN history report,
Salvage-2017-Jeep-GRAND+CHEROKEE-for-Sale,"$ 29,018 USD",4dr sport,Virtual Sale date not set,Gray,6,FOUR BY FOUR,3.6L 6,Flexible fuel,YES,IN - INDIANAPOLIS,54460 ACTUAL,,Front end,,Run & drive verified,Future Sale,Pure sale,Minor dent/scratches,,IN SALVAGE TITLE,1C4RJFLG9HC772376  Get instaVIN history report,
Salvage-2011-Toyota-RAV4+LIMITED-for-Sale,"$ 12,642 USD",4dr sport,Virtual Sale date not set,Blue,6,ALL WHEEL DRIVE,3.5L 6,Gasoline,YES,MA - NORTH BOSTON,106683 ACTUAL,,Rear end,"$ 6,234 USD",Run & drive verified,Future Sale,Pure sale,Front end,,MA SALVAGE TITLE,2T3DK4DV1BW043009  Get instaVIN history report,
Salvage-2009-Hyundai-ELANTRA+GL-for-Sale,"$ 3,372 USD",Sedan 4 door,Virtual Sale date not set,Purple,4,FRONT-WHEEL DRIVE,2.0L 4,Gasoline,YES,CA - SAN DIEGO,130933 ACTUAL,,Front end,"$ 5,001 USD",Unknown,Future Sale,Pure sale,,,CA SALVAGE CERTIFICATE,KMHDU46D49U657151  Get instaVIN history report,
Salvage-2012-Audi-Q5+PREMIUM-for-Sale,"$ 10,921 USD",4dr sport,Virtual Sale date not set,Blue,4,ALL WHEEL DRIVE,2.0L 4,Gasoline,YES,MA - NORTH BOSTON,128271 ACTUAL,,Front end,"$ 10,049 USD",Run & drive verified,Future Sale,Pure sale,Minor dent/scratches,,MA SALVAGE TITLE,WA1LFAFP3CA112144  Get instaVIN history report,
Salvage-2015-Nissan-VERSA-for-Sale,"$ 8,682 USD",Sedan 4 door,Virtual Sale date not set,Green,4,FRONT-WHEEL DRIVE,1.6L 4,Gasoline,YES,TX - ANDREWS,48280 ACTUAL,,Hail,"$ 7,190 USD",Run & drive verified,Future Sale,On minimum bid,,,TX CLEAN TITLE,3N1CN7AP1FL869370  Get instaVIN history report,
Salvage-2003-Honda-ACCORD+EX-for-Sale,"$ 5,944 USD",Sedan 4 door,09/10/2019 at 09.00 AM EDT,Gold,4,FRONT-WHEEL DRIVE,2.4L 4,Gasoline,YES,NC - RALEIGH,95893 EXEMPT,,Front end,,Run & drive verified,09/10/2019 at 10.00 AM EDT,On minimum bid,,,NC SALVAGE CERTIFICATE,1HGCM56643A100208  Get instaVIN history report,
Salvage-2017-KIA-OPTIMA+LX-for-Sale,"$ 14,972 USD",Sedan 4 door,Virtual Sale date not set,White,4,FRONT-WHEEL DRIVE,2.4L 4,Gasoline,YES,IN - INDIANAPOLIS,25538 NOT ACTUAL,,Front end,,Run & drive verified,Future Sale,On approval,Side,,IN SALVAGE TITLE,5XXGT4L31HG157713  Get instaVIN history report,
Salvage-2018-Infiniti-Q50+LUXE-for-Sale,"$ 27,370 USD",Sedan 4 door,,Black,6,ALL WHEEL DRIVE,3.0L 6,Gasoline,YES,RENTAL VEHICLE SALE,20803 ACTUAL,,Rollover,"$ 43,158 USD",Vehicle Starts,Future Sale,On approval,,,MO JUNK TITLE,JN1EV7AR3JM442961  Get instaVIN history report,
Salvage-2007-Scion-TC-for-Sale,"$ 4,344 USD",Hatchback,Virtual Sale date not set,Gray,4,FRONT-WHEEL DRIVE,2.4L 4,Gasoline,YES,MO - SPRINGFIELD,187257 EXEMPT,,Front end,,Run & drive verified,Future Sale,Pure sale,Minor dent/scratches,,MO SALVAGE CERTIFICATE,JTKDE177870205886  Get instaVIN history report,
Salvage-2011-KIA-FORTE+SX-for-Sale,"$ 6,057 USD",Coupe,Virtual Sale date not set,Silver,4,FRONT-WHEEL DRIVE,2.4L 4,Gasoline,YES,IN - INDIANAPOLIS,0 NOT ACTUAL,,Front end,"$ 10,639 USD",Unknown,Future Sale,Pure sale,,,IN SALVAGE TITLE,KNAFW6A31B5361082  Get instaVIN history report,
Salvage-2008-Honda-CIVIC+LX-for-Sale,"$ 3,112 USD",Sedan 4 door,Virtual Sale date not set,Silver,4,FRONT-WHEEL DRIVE,1.8L 4,Gasoline,YES,FL - JACKSONVILLE WEST,184720 EXEMPT,,Rear end,"$ 4,242 USD",Unknown,Future Sale,Pure sale,Front end,,FL CERTIFICATE OF DESTRUCTION,2HGFA16588H343289  Get instaVIN history report,
Salvage-2018-KIA-FORTE+LX-for-Sale,"$ 15,474 USD",Sedan 4 door,Virtual Sale date not set,Black,4,FRONT-WHEEL DRIVE,2.0L 4,Gasoline,YES,AL - MONTGOMERY,2281 ACTUAL,,Rollover,"$ 15,474 USD",Unknown,Future Sale,Pure sale,,,AL SALVAGE TITLE,3KPFK4A7XJE195556  Get instaVIN history report,
Salvage-2011-Buick-ENCLAVE+CX-for-Sale,"$ 9,439 USD",4dr sport,Virtual Sale date not set,Black,6,FRONT-WHEEL DRIVE,3.6L 6,Gasoline,YES,AL - MOBILE,205785 ACTUAL,,Mechanical,"$ 5,138 USD",Unknown,Future Sale,Pure sale,,,AL CLEAN TITLE,5GAKRBED1BJ234720  Get instaVIN history report,
Salvage-2017-KIA-SPORTAGE+L-for-Sale,"$ 15,400 USD",4dr sport,,Silver,4,ALL WHEEL DRIVE,2.4L 4,Gasoline,YES,RENTAL VEHICLE SALE,66727 ACTUAL,,Side,,Run & drive verified,Future Sale,On minimum bid,,TTL DELAY + 15WKS POST SALE,CA SALVAGE CERTIFICATE,KNDPMCAC0H7255974  Get instaVIN history report,
Salvage-2013-Honda-CIVIC-for-Sale,"$ 8,144 USD",Sedan 4 door,Virtual Sale date not set,White,4,FRONT-WHEEL DRIVE,1.8L 4,Gasoline,YES,NY - LONG ISLAND,0 NOT ACTUAL,,Front end,"$ 8,535 USD",Unknown,Future Sale,On minimum bid,Rear end,,NY MV907A DISMANTLERS,19XFB2F5XDE248451  Get instaVIN history report,
Salvage-2016-GMC-TERRAIN+SL-for-Sale,"$ 15,558 USD",4dr sport,Virtual Sale date not set,White,4,FRONT-WHEEL DRIVE,2.4L 4,Flexible fuel,YES,IN - INDIANAPOLIS,48539 ACTUAL,,Rear end,"$ 10,815 USD",Run & drive verified,Future Sale,Pure sale,Minor dent/scratches,,IN SALVAGE TITLE,2GKALNEK4G6138374  Get instaVIN history report,
Salvage-2009-Nissan-ALTIMA+2.5-for-Sale,"$ 3,711 USD",Sedan 4 door,Virtual Sale date not set,Blue,4,FRONT-WHEEL DRIVE,2.5L 4,Gasoline,YES,NC - CHINA GROVE,171564 EXEMPT,,Rear end,"$ 3,758 USD",Run & drive verified,Future Sale,Pure sale,,,NC SALVAGE CERTIFICATE,1N4AL21E69N479127  Get instaVIN history report,
Salvage-2011-Honda-ACCORD+SE-for-Sale,"$ 9,152 USD",Sedan 4 door,Virtual Sale date not set,Silver,4,FRONT-WHEEL DRIVE,2.4L 4,Gasoline,YES,IN - INDIANAPOLIS,83671 ACTUAL,,Front end,"$ 7,629 USD",Run & drive verified,Future Sale,Pure sale,,,IN SALVAGE TITLE,1HGCP2F65BA020324  Get instaVIN history report,
Salvage-2015-Dodge-CHARGER+SX-for-Sale,"$ 14,078 USD",Sedan 4 door,09/10/2019 at 09.00 AM EDT,Charcoal,6,REAR-WHEEL DRIVE,3.6L 6,Flexible fuel,YES,NC - RALEIGH,106892 ACTUAL,,Hail,"$ 12,489 USD",Run & drive verified,09/10/2019 at 10.00 AM EDT,On minimum bid,,,NC SALVAGE CERTIFICATE,2C3CDXHG0FH825539  Get instaVIN history report,
Salvage-2003-Honda-CR-V+EX-for-Sale,,4dr sport,Virtual Sale date not set,Maroon,4,ALL WHEEL DRIVE,2.4L 4,Gasoline,YES,MN - MINNEAPOLIS NORTH,164176 EXEMPT,,Mechanical,,Unknown,Future Sale,On approval,Minor dent/scratches,VEH LOC @ BUNKER SUBLOT,MN CLEAN TITLE,SHSRD78843U111051  Get instaVIN history report,
Salvage-2015-Chrysler-200+LIMITED-for-Sale,"$ 9,330 USD",Sedan 4 door,Virtual Sale date not set,Gray,4,FRONT-WHEEL DRIVE,2.4L 4,Gasoline,YES,IN - INDIANAPOLIS,144252 ACTUAL,,Front end,"$ 9,330 USD",Vehicle Starts,Future Sale,Pure sale,Side,,IN SALVAGE TITLE,1C3CCCAB8FN556398  Get instaVIN history report,
Salvage-2017-Dodge-GRAND+CARAVAN-for-Sale,"$ 20,624 USD",Sports van,Virtual Sale date not set,Black,6,FRONT-WHEEL DRIVE,3.6L 6,Flexible fuel,YES,MI - DETROIT,8505 ACTUAL,,Front end,"$ 17,325 USD",Run & drive verified,Future Sale,Pure sale,,,MI CLEAN TITLE,2C4RDGCG4HR848641  Get instaVIN history report,
Salvage-2015-BMW-428+I-for-Sale,"$ 19,829 USD",Sedan 4 door,Virtual Sale date not set,Black,4,REAR-WHEEL DRIVE,2.0L 4,Gasoline,YES,MA - SOUTH BOSTON,57074 ACTUAL,,Water/flood,"$ 19,552 USD",Unknown,Future Sale,On approval,Mechanical,,MA FLOOD SALVAGE,WBA4A5C51FD418438  Get instaVIN history report,
Salvage-2006-Acura-MDX+TOURING-for-Sale,"$ 5,063 USD",4dr sport,Virtual Sale date not set,Teal,6,ALL WHEEL DRIVE,3.5L 6,Gasoline,YES,TX - AUSTIN,158400 ACTUAL,,Front end,"$ 6,325 USD",Run & drive verified,Future Sale,Pure sale,,,TX SALVAGE VEHICLE TITLE,2HNYD18616H521278  Get instaVIN history report,
Salvage-2011-Lincoln-MKZ-for-Sale,"$ 6,532 USD",Sedan 4 door,Virtual Sale date not set,White,6,FRONT-WHEEL DRIVE,3.5L 6,Gasoline,YES,IL - CHICAGO NORTH,137723 ACTUAL,,Front end,"$ 6,211 USD",Run & drive verified,Future Sale,On minimum bid,,,IL SALVAGE CERTIFICATE,3LNHL2GC8BR767213  Get instaVIN history report,
Salvage-2016-Chevrolet-MALIBU+LT-for-Sale,"$ 15,823 USD",Sedan 4 door,Virtual Sale date not set,Blue,4,FRONT-WHEEL DRIVE,2.0L 4,Gasoline,YES,IN - INDIANAPOLIS,56009 ACTUAL,,Rear end,"$ 8,237 USD",Run & drive verified,Future Sale,Pure sale,,,IN SALVAGE TITLE,1G1ZF5SX2GF184127  Get instaVIN history report,
Salvage-2011-Toyota-CAMRY+BASE-for-Sale,"$ 9,103 USD",Sedan 4 door,09/09/2019 at 11.30 AM PDT,Silver,4,FRONT-WHEEL DRIVE,2.5L 4,Gasoline,NO,AZ - PHOENIX,0 NOT ACTUAL,,Rear end,,Unknown,09/09/2019 at 12.00 PM PDT,On minimum bid,Mechanical,,AZ SALVAGE CERTIFICATE,4T4BF3EK6BR091646  Get instaVIN history report,
Salvage-2006-Chevrolet-MALIBU+LT-for-Sale,,Sedan 4 door,Virtual Sale date not set,Red,6,FRONT-WHEEL DRIVE,3.5L 6,Gasoline,YES,NC - RALEIGH,214059 EXEMPT,,Front end,,Unknown,Future Sale,On minimum bid,Mechanical,,NC SALVAGE CERTIFICATE,1G1ZT53846F135400  Get instaVIN history report,
Salvage-2015-Toyota-AVALON+XLE-for-Sale,"$ 21,529 USD",Sedan 4 door,Virtual Sale date not set,Gray,6,FRONT-WHEEL DRIVE,3.5L 6,Gasoline,YES,NC - RALEIGH,31952 ACTUAL,,Water/flood,"$ 4,215 USD",Unknown,Future Sale,Pure sale,,VEH LOC @ CONVERSE SUB LOT,NC WATER/FLOOD DAMAGE,4T1BK1EB9FU166016  Get instaVIN history report,
Salvage-2009-Toyota-CAMRY+SE-for-Sale,"$ 5,651 USD",Sedan 4 door,Virtual Sale date not set,Gray,6,FRONT-WHEEL DRIVE,3.5L 6,Gasoline,NO,IN - INDIANAPOLIS,0 EXEMPT,,Front end,"$ 8,720 USD",Unknown,Future Sale,Pure sale,,,IN SALVAGE TITLE,4T1BK46KX9U080959  Get instaVIN history report,
Salvage-2007-Toyota-SIENNA+XLE-for-Sale,"$ 6,875 USD",Sports van,Virtual Sale date not set,Blue,6,ALL WHEEL DRIVE,3.5L 6,Gasoline,YES,MI - DETROIT,208664 EXEMPT,,Rear end,"$ 6,382 USD",Run & drive verified,Future Sale,Pure sale,,,MI CLEAN TITLE,5TDBK22C47S003710  Get instaVIN history report,
Salvage-2008-Ford-EXPEDITION-for-Sale,"$ 7,829 USD",4dr sport,Virtual Sale date not set,Silver,8,REAR-WHEEL DRIVE,5.4L 8,Gasoline,YES,NC - RALEIGH,164394 EXEMPT,,Water/flood,,Unknown,Future Sale,Pure sale,,VEH LOC @ CONVERSE SUB LOT,NC WATER/FLOOD DAMAGE,1FMFK15578LA46333  Get instaVIN history report,
Salvage-2013-Volkswagen-PASSAT+SE-for-Sale,"$ 8,866 USD",Sedan 4 door,Virtual Sale date not set,Charcoal,4,FRONT-WHEEL DRIVE,2.0L 4,Diesel,YES,MN - ST. CLOUD,137195 ACTUAL,,Front end,"$ 13,895 USD",Run & drive verified,Future Sale,Pure sale,,,SD SALVAGE TITLE,1VWBN7A33DC094906  Get instaVIN history report,
Salvage-2009-Buick-ENCLAVE+CX-for-Sale,"$ 6,200 USD",4dr sport,Virtual Sale date not set,Silver,6,FRONT-WHEEL DRIVE,3.6L 6,Gasoline,YES,IN - INDIANAPOLIS,154423 ACTUAL,,Front end,"$ 6,549 USD",Run & drive verified,Future Sale,Pure sale,Side,,IN SALVAGE TITLE,5GAER23D59J188691  Get instaVIN history report,
Salvage-2006-Dodge-STRATUS+SX-for-Sale,"$ 2,600 USD",Sedan 4 door,Virtual Sale date not set,Red,4,FRONT-WHEEL DRIVE,2.4L 4,Gasoline,YES,IN - INDIANAPOLIS,170656 ACTUAL,,Rear end,"$ 3,100 USD",Run & drive verified,Future Sale,Pure sale,,,IN SALVAGE TITLE,1B3EL46XX6N166483  Get instaVIN history report,
Salvage-2007-Honda-ODYSSEY+EX-for-Sale,"$ 4,245 USD",Sports van,Virtual Sale date not set,Blue,6,FRONT-WHEEL DRIVE,3.5L 6,Gasoline,YES,IN - INDIANAPOLIS,146785 ACTUAL,,Front end,"$ 5,347 USD",Run & drive verified,Future Sale,Pure sale,,,IN SALVAGE TITLE,5FNRL38617B029284  Get instaVIN history report,
Salvage-2011-Hyundai-SONATA+GLS-for-Sale,"$ 5,411 USD",Sedan 4 door,Virtual Sale date not set,Blue,4,FRONT-WHEEL DRIVE,2.4L 4,Gasoline,YES,NC - MEBANE,118021 ACTUAL,,Front end,"$ 7,370 USD",Run & drive verified,Future Sale,On minimum bid,,,NC SALVAGE CERTIFICATE,5NPEB4AC7BH017397  Get instaVIN history report,
Salvage-2006-Land+Rover-RANGE+ROVER-for-Sale,,4dr sport,Virtual Sale date not set,Green,8,ALL WHEEL DRIVE,4.4L 8,Gasoline,YES,MA - NORTH BOSTON,188077 ACTUAL,,Minor dent/scratches,,Run & drive verified,Future Sale,On approval,,,MA CLEAN TITLE,SALSF25456A975667  Get instaVIN history report,
Salvage-2005-Chevrolet-IMPALA-for-Sale,$ 941 USD,Sedan 4 door,Virtual Sale date not set,Gold,6,FRONT-WHEEL DRIVE,3.4L 6,Gasoline,NO,MN - ST. CLOUD,221623 EXEMPT,,Front end,"$ 13,679 USD",Unknown,Future Sale,Pure sale,Side,,SD SALVAGE TITLE,2G1WF52E159195739  Get instaVIN history report,
Salvage-2016-Chevrolet-VOLT+LT-for-Sale,"$ 18,741 USD",Hatchback,Virtual Sale date not set,White,4,FRONT-WHEEL DRIVE,1.5L 4,Hybrid,YES,NJ - SOMERVILLE,20131 ACTUAL,,Water/flood,"$ 15,018 USD",Unknown,Future Sale,On minimum bid,,,NJ FLOOD - SALVAGE,1G1RC6S58GU130744  Get instaVIN history report,
Salvage-2006-Pontiac-MONTANA+SV-for-Sale,"$ 4,176 USD",Sports van,Virtual Sale date not set,Silver,6,FRONT-WHEEL DRIVE,3.5L 6,Gasoline,YES,NC - CHINA GROVE,122584 EXEMPT,,Side,"$ 3,931 USD",Run & drive verified,Future Sale,Pure sale,,,NC SALVAGE CERTIFICATE,1GMDV33L26D119983  Get instaVIN history report,
Salvage-2001-Ford-WINDSTAR+S-for-Sale,,Extended,Virtual Sale date not set,Green,6,FRONT-WHEEL DRIVE,3.8L 6,Gasoline,YES,KS - KANSAS CITY,205042 EXEMPT,,Minor dent/scratches,,Run & drive verified,Future Sale,On approval,,,MO CLEAN TITLE,2FMZA53421BA07821  Get instaVIN history report,
Salvage-2014-Dodge-AVENGER+SE-for-Sale,"$ 7,778 USD",Sedan 4 door,Virtual Sale date not set,Black,4,FRONT-WHEEL DRIVE,2.4L 4,Gasoline,YES,IN - INDIANAPOLIS,71941 ACTUAL,,Rear end,"$ 6,872 USD",Run & drive verified,Future Sale,Pure sale,,,IN SALVAGE TITLE,1C3CDZAB5EN202580  Get instaVIN history report,
Salvage-2012-Chevrolet-CRUZE+LT-for-Sale,"$ 5,859 USD",Sedan 4 door,Virtual Sale date not set,Tan,4,FRONT-WHEEL DRIVE,1.4L 4,Gasoline,YES,MI - DETROIT,107117 ACTUAL,,Front end,"$ 10,796 USD",Run & drive verified,Future Sale,Pure sale,,,MI CLEAN TITLE,1G1PG5SC2C7133121  Get instaVIN history report,
Salvage-2007-Lexus-GS+350-for-Sale,"$ 7,212 USD",Sedan 4 door,Virtual Sale date not set,Red,6,ALL WHEEL DRIVE,3.5L 6,Gasoline,YES,IN - INDIANAPOLIS,144427 ACTUAL,,Rear end,"$ 7,212 USD",Run & drive verified,Future Sale,Pure sale,,,IN SALVAGE TITLE,JTHCE96S670007071  Get instaVIN history report,
Salvage-1994-Chevrolet-SUBURBAN+K-for-Sale,"$ 2,976 USD",4dr sport,Virtual Sale date not set,Green,8,FOUR BY FOUR,5.7L 8,Gasoline,YES,AZ - PHOENIX,161677 NOT ACTUAL,,Front end,"$ 2,713 USD",Vehicle Starts,Future Sale,Pure sale,Side,,WA CLEAN TITLE,1GNFK16K5RJ350371  Get instaVIN history report,
Salvage-2008-Chevrolet-COBALT+LS-for-Sale,"$ 4,077 USD",Coupe,Virtual Sale date not set,Blue,4,FRONT-WHEEL DRIVE,2.2L 4,Gasoline,YES,TX - EL PASO,113085 EXEMPT,,Front end,,Run & drive verified,Future Sale,Pure sale,,,NM SALVAGE TITLE,1G1AK18F287299841  Get instaVIN history report,
Salvage-2010-KIA-SOUL+%2B-for-Sale,"$ 7,114 USD",4dr sport,Virtual Sale date not set,Silver,4,FRONT-WHEEL DRIVE,2.0L 4,Gasoline,YES,GA - ATLANTA EAST,61282 ACTUAL,,All over,,Vehicle Starts,Future Sale,Pure sale,,,GA SALVAGE TITLE,KNDJT2A24A7176730  Get instaVIN history report,
Salvage-2010-Ford-ESCAPE+XLT-for-Sale,"$ 6,334 USD",4dr sport,Virtual Sale date not set,Gray,4,FRONT-WHEEL DRIVE,2.5L 4,Gasoline,YES,IN - INDIANAPOLIS,158405 ACTUAL,,Front end,"$ 7,173 USD",Run & drive verified,Future Sale,Pure sale,,,IN SALVAGE TITLE,1FMCU0D78AKB08554  Get instaVIN history report,
Salvage-2007-Volkswagen-JETTA+2.5-for-Sale,,Sedan 4 door,Virtual Sale date not set,Silver,5,FRONT-WHEEL DRIVE,2.5L 5,Gasoline,YES,WA - NORTH SEATTLE,83062 ACTUAL,,Mechanical,,Run & drive verified,Future Sale,On approval,,,CO CLEAN TITLE,3VWSF71K47M036021  Get instaVIN history report,
Salvage-2004-Lexus-RX+330-for-Sale,"$ 7,394 USD",4dr sport,09/12/2019 at 11.30 AM CDT,Green,6,ALL WHEEL DRIVE,3.3L 6,Gasoline,YES,IL - CHICAGO NORTH,71668 ACTUAL,,Front end,"$ 8,930 USD",Run & drive verified,09/12/2019 at 12.00 PM CDT,On minimum bid,Rear end,,IL SALVAGE CERTIFICATE,2T2HA31UX4C011033  Get instaVIN history report,
Salvage-2017-Hyundai-TUCSON+LIMITED-for-Sale,"$ 18,265 USD",4dr sport,Virtual Sale date not set,White,4,ALL WHEEL DRIVE,2.0L 4,Gasoline,YES,CO - DENVER SOUTH,23943 ACTUAL,,Hail,"$ 18,465 USD",Run & drive verified,Future Sale,Pure sale,,,CO CLEAN TITLE,KM8J3CA46HU480656  Get instaVIN history report,
Salvage-2008-Nissan-ALTIMA+2.5-for-Sale,"$ 4,624 USD",Sedan 4 door,Virtual Sale date not set,White,4,FRONT-WHEEL DRIVE,2.5L 4,Gasoline,YES,FL - WEST PALM BEACH,99032 EXEMPT,,Front end,"$ 4,077 USD",Run & drive verified,Future Sale,Pure sale,Minor dent/scratches,,FL SALVAGE TITLE/REBUILDABLE,1N4AL21E68C230451  Get instaVIN history report,
Salvage-2011-Volkswagen-GOLF-for-Sale,"$ 8,209 USD",Hatchback,09/11/2019 at 11.30 AM CDT,Black,4,FRONT-WHEEL DRIVE,2.0L 4,Diesel,YES,LA - NEW ORLEANS,84641 ACTUAL,,Front end,"$ 6,853 USD",Run & drive verified,09/11/2019 at 12.00 PM CDT,On minimum bid,,,LA SALVAGE TITLE,WVWBM7AJ1BW204934  Get instaVIN history report,
Salvage-2009-Chevrolet-COBALT+LT-for-Sale,"$ 4,485 USD",Sedan 4 door,Virtual Sale date not set,White,4,FRONT-WHEEL DRIVE,2.2L 4,Gasoline,YES,FL - MIAMI CENTRAL,101652 ACTUAL,,Front end,"$ 3,589 USD",Run & drive verified,Future Sale,Pure sale,,,FL SALVAGE TITLE/REBUILDABLE,1G1AT58H897185351  Get instaVIN history report,
Salvage-2017-KIA-FORTE+LX-for-Sale,"$ 11,630 USD",Sedan 4 door,,Purple,4,FRONT-WHEEL DRIVE,2.0L 4,Gasoline,YES,RENTAL VEHICLE SALE,38898 ACTUAL,,Rear end,"$ 11,619 USD",Run & drive verified,Future Sale,On approval,Front end,,MO SALVAGE CERTIFICATE,3KPFL4A76HE146314  Get instaVIN history report,
Salvage-2007-Subaru-LEGACY+2.5-for-Sale,"$ 6,578 USD",Sedan 4 door,Virtual Sale date not set,Gray,4,ALL WHEEL DRIVE,2.5L 4,Gasoline,YES,NC - RALEIGH,110346 EXEMPT,,Water/flood,"$ 6,578 USD",Run & drive verified,Future Sale,Pure sale,,VEH LOC @ CONVERSE SUB LOT,NC WATER/FLOOD DAMAGE,4S3BL626677215002  Get instaVIN history report,
Salvage-2008-Chrysler-TOWN+%26+COUNTRY-for-Sale,"$ 4,425 USD",Extended,Virtual Sale date not set,Silver,6,FRONT-WHEEL DRIVE,3.8L 6,Gasoline,YES,IN - INDIANAPOLIS,169875 EXEMPT,,Front end,"$ 4,011 USD",Run & drive verified,Future Sale,Pure sale,,,IN SALVAGE TITLE,2A8HR54P78R687470  Get instaVIN history report,
Salvage-2011-Ford-FUSION+SE-for-Sale,,Sedan 4 door,09/11/2019 at 11.30 AM CDT,Silver,4,FRONT-WHEEL DRIVE,2.5L 4,Gasoline,YES,IL - SOUTHERN ILLINOIS,68951 ACTUAL,,Rear end,,Vehicle Starts,09/11/2019 at 12.00 PM CDT,On minimum bid,,,IL SALVAGE CERTIFICATE,3FAHP0HA6BR133320  Get instaVIN history report,
Salvage-2018-Honda-ACCORD+LX-for-Sale,"$ 21,125 USD",Sedan 4 door,Virtual Sale date not set,White,4,FRONT-WHEEL DRIVE,1.5L 4,Gasoline,YES,CO - DENVER SOUTH,19737 ACTUAL,,Front end,"$ 20,178 USD",Run & drive verified,Future Sale,Pure sale,,,CO PUBLIC - SALVAGE TITLE,1HGCV1F11JA212925  Get instaVIN history report,
Salvage-2016-KIA-FORTE+LX-for-Sale,"$ 10,231 USD",Sedan 4 door,Virtual Sale date not set,Silver,4,FRONT-WHEEL DRIVE,1.8L 4,Gasoline,YES,NC - RALEIGH,68446 ACTUAL,,Front end,"$ 7,819 USD",Run & drive verified,Future Sale,Pure sale,,,NC SALVAGE CERTIFICATE,KNAFK4A64G5585061  Get instaVIN history report,
Salvage-2009-Ford-ESCAPE+XLT-for-Sale,"$ 5,000 CAD",4dr sport,,Silver,6,FOUR BY FOUR,3.0L 6,Gasoline,YES,ATLANTIC CANADA AUCTION,259331 ACTUAL,,Front end,"$ 4,414 CAD",Run & drive verified,Future Sale,Pure sale,,,NB SALVAGE TITLE,1FMCU93GX9KA49475  Get instaVIN history report,
Salvage-1993-Toyota-COROLLA+LE-for-Sale,$ 150 USD,Sedan 4 door,Virtual Sale date not set,Blue,4,FRONT-WHEEL DRIVE,1.8L 4,Gasoline,YES,MN - MINNEAPOLIS NORTH,0 EXEMPT,,Normal wear,,Run & drive verified,Future Sale,On approval,,VEHICLE LOC @ U PULL R PART,MN CLEAN TITLE,1NXAE09E5PZ052808  Get instaVIN history report,
Salvage-2009-Pontiac-VIBE-for-Sale,"$ 3,188 USD",Hatchback,Virtual Sale date not set,White,4,FRONT-WHEEL DRIVE,2.4L 4,Gasoline,YES,IN - INDIANAPOLIS,176387 ACTUAL,,Rear end,,Run & drive verified,Future Sale,Pure sale,Minor dent/scratches,,IN CLEAN TITLE,5Y2SP67079Z430422  Get instaVIN history report,
Salvage-1998-Honda-CIVIC+EX-for-Sale,"$ 2,840 USD",Coupe,Virtual Sale date not set,Black,4,FRONT-WHEEL DRIVE,1.6L 4,Gasoline,YES,GA - ATLANTA SOUTH,122532 EXEMPT,,Front end,"$ 3,197 USD",Unknown,Future Sale,Pure sale,,,GA SALVAGE TITLE,1HGEJ8249WL006762  Get instaVIN history report,
Salvage-2013-Honda-ACCORD+SPORT-for-Sale,"$ 9,541 USD",Sedan 4 door,09/13/2019 at 09.00 AM EDT,Gray,4,FRONT-WHEEL DRIVE,2.4L 4,Gasoline,YES,MA - NORTH BOSTON,97299 ACTUAL,,Front end,"$ 9,624 USD",Run & drive verified,09/13/2019 at 10.00 AM EDT,On minimum bid,Minor dent/scratches,,MA SALVAGE TITLE,1HGCR2F53DA224527  Get instaVIN history report,
Salvage-2011-Subaru-LEGACY+2.5-for-Sale,"$ 10,067 USD",Sedan 4 door,Virtual Sale date not set,Gray,4,ALL WHEEL DRIVE,2.5L 4,Gasoline,YES,MA - NORTH BOSTON,74113 ACTUAL,,Side,"$ 6,110 USD",Run & drive verified,Future Sale,Pure sale,Rear end,,MA SALVAGE TITLE,4S3BMBK66B3229259  Get instaVIN history report,
Salvage-2015-Audi-A5+PREMIUM-for-Sale,,Convertible,Virtual Sale date not set,Black,4,ALL WHEEL DRIVE,2.0L 4,Flexible fuel,YES,NC - RALEIGH,0 NOT ACTUAL,,Water/flood,,Unknown,Future Sale,Pure sale,,VEH LOC @ CONVERSE SUB LOT,NC WATER/FLOOD DAMAGE,WAUMFAFH1FN009947  Get instaVIN history report,
Salvage-2014-Chevrolet-SPARK+1LT-for-Sale,"$ 7,103 USD",Hatchback,Virtual Sale date not set,Silver,4,FRONT-WHEEL DRIVE,1.2L 4,Gasoline,YES,NJ - GLASSBORO EAST,72142 ACTUAL,,Rear end,"$ 10,516 USD",Run & drive verified,Future Sale,On minimum bid,,,NJ SALVAGE CERTIFICATE,KL8CD6S92EC465782  Get instaVIN history report,
Salvage-2009-KIA-SPECTRA+EX-for-Sale,"$ 3,252 USD",Sedan 4 door,Virtual Sale date not set,White,4,FRONT-WHEEL DRIVE,2.0L 4,Gasoline,YES,IN - INDIANAPOLIS,0 EXEMPT,,Rollover,"$ 6,244 USD",Unknown,Future Sale,Pure sale,,,IN SALVAGE TITLE,KNAFE221095662137  Get instaVIN history report,
Salvage-2017-Ford-TRANSIT+T-for-Sale,"$ 18,991 USD",Sports van,Virtual Sale date not set,White,6,REAR-WHEEL DRIVE,3.7L 6,Flexible fuel,YES,IN - INDIANAPOLIS,62096 ACTUAL,,Side,,Unknown,Future Sale,Pure sale,,VEH LOC @ CICERO SUBLOT,IN SALVAGE TITLE,1FBZX2ZM9HKA72503  Get instaVIN history report,
Salvage-2011-Mazda-3+I-for-Sale,"$ 5,162 USD",Sedan 4 door,Virtual Sale date not set,Black,4,FRONT-WHEEL DRIVE,2.0L 4,Gasoline,YES,IN - INDIANAPOLIS,133537 ACTUAL,,Front end,"$ 5,085 USD",Run & drive verified,Future Sale,Pure sale,,,IN SALVAGE TITLE,JM1BL1UG5B1399031  Get instaVIN history report,
Salvage-2018-Hyundai-SONATA+SPORT-for-Sale,"$ 18,552 USD",Sedan 4 door,Virtual Sale date not set,Gray,4,FRONT-WHEEL DRIVE,2.0L 4,Gasoline,NO,IN - INDIANAPOLIS,54716 ACTUAL,,Rollover,,Unknown,Future Sale,Pure sale,Undercarriage,,IN SALVAGE TITLE,5NPE34AB9JH662314  Get instaVIN history report,
Salvage-2013-Ford-FOCUS+SE-for-Sale,"$ 8,002 USD",Sedan 4 door,Virtual Sale date not set,Silver,4,FRONT-WHEEL DRIVE,2.0L 4,Gasoline,NO,IN - INDIANAPOLIS,0 NOT ACTUAL,,Front end,"$ 8,002 USD",Unknown,Future Sale,Pure sale,,,IN SALVAGE TITLE,1FADP3F20DL145668  Get instaVIN history report,
Salvage-2009-Toyota-RAV4-for-Sale,"$ 8,536 USD",4dr sport,Virtual Sale date not set,Brown,4,ALL WHEEL DRIVE,2.5L 4,Gasoline,YES,DC - WASHINGTON DC,0 NOT ACTUAL,,Front end,,Unknown,Future Sale,Pure sale,Rear end,,MD BRANDED SALVAGE CERT 1,JTMBF33V795003767  Get instaVIN history report,
Salvage-1999-Dodge-RAM+VAN+B1-for-Sale,"$ 4,302 USD",Cargo van,Virtual Sale date not set,White,6,REAR-WHEEL DRIVE,3.9L 6,Gasoline,NO,TN - NASHVILLE,0 EXEMPT,,Burn,"$ 7,134 USD",Unknown,Future Sale,Pure sale,,,TN NON-REPAIRABLE,2B6HB11X6XK571407  Get instaVIN history report,
Salvage-2015-Ford-EDGE+TITANIUM-for-Sale,"$ 21,740 USD",4dr sport,Virtual Sale date not set,White,6,ALL WHEEL DRIVE,3.5L 6,Gasoline,YES,LA - NEW ORLEANS,58758 ACTUAL,,Rear end,"$ 15,812 USD",Run & drive verified,Future Sale,Pure sale,,,MS SALVAGE TITLE,2FMTK4K88FBC14819  Get instaVIN history report,
Salvage-2014-Chevrolet-EQUINOX+LS-for-Sale,"$ 12,540 USD",4dr sport,Virtual Sale date not set,White,4,FRONT-WHEEL DRIVE,2.4L 4,Flexible fuel,YES,IN - INDIANAPOLIS,59713 ACTUAL,,Side,"$ 15,293 USD",Run & drive verified,Future Sale,Pure sale,,,IN SALVAGE TITLE,2GNALAEK5E6378896  Get instaVIN history report,
Salvage-2015-BMW-M4-for-Sale,"$ 41,723 USD",Coupe,Virtual Sale date not set,White,6,REAR-WHEEL DRIVE,3.0L 6,Gasoline,YES,NC - RALEIGH,0 NOT ACTUAL,,Water/flood,,Unknown,Future Sale,Pure sale,Mechanical,,NC WATER/FLOOD DAMAGE,WBS3R9C51FK330055  Get instaVIN history report,
Salvage-2011-Toyota-CAMRY+BASE-for-Sale,"$ 8,089 USD",Sedan 4 door,Virtual Sale date not set,Green,4,FRONT-WHEEL DRIVE,2.5L 4,Gasoline,NO,SC - COLUMBIA,0 NOT ACTUAL,,Side,"$ 8,089 USD",Unknown,Future Sale,Pure sale,,,SC SALVAGE TITLE,4T1BF3EK6BU719764  Get instaVIN history report,
Salvage-2005-Saturn-VUE-for-Sale,"$ 3,970 USD",4dr sport,Virtual Sale date not set,Blue,6,FRONT-WHEEL DRIVE,3.5L 6,Gasoline,YES,IN - INDIANAPOLIS,164255 ACTUAL,,Front end,"$ 6,718 USD",Run & drive verified,Future Sale,Pure sale,,,IN SALVAGE TITLE,5GZCZ534X5S818151  Get instaVIN history report,
Salvage-2014-Ford-EDGE+SEL-for-Sale,"$ 11,640 USD",4dr sport,Virtual Sale date not set,Orange,6,ALL WHEEL DRIVE,3.5L 6,Gasoline,YES,MN - ST. CLOUD,118467 ACTUAL,,Front end,"$ 6,864 USD",Run & drive verified,Future Sale,Pure sale,Rear end,,ND SALVAGE TITLE,2FMDK4JC9EBA66236  Get instaVIN history report,
Salvage-2004-Nissan-MAXIMA+SE-for-Sale,"$ 2,200 CAD",Sedan 4 door,,Beige,6,FRONT-WHEEL DRIVE,3.5L 6,Gasoline,YES,ATLANTIC CANADA AUCTION,292362 ACTUAL,,Front end,"$ 3,381 CAD",Run & drive verified,Future Sale,Pure sale,,,NB SALVAGE TITLE,1N4BA41E84C898980  Get instaVIN history report,
Salvage-2017-Jeep-RENEGADE+T-for-Sale,"$ 19,976 USD",4dr sport,Virtual Sale date not set,White,4,FOUR BY FOUR,2.4L 4,Gasoline,YES,CO - DENVER,13244 ACTUAL,,Hail,"$ 14,287 USD",Run & drive verified,Future Sale,Pure sale,,,CO CLEAN TITLE,ZACCJBCB9HPE90737  Get instaVIN history report,
Salvage-2004-Ford-EXPLORER+X-for-Sale,"$ 2,123 USD",4dr sport,Virtual Sale date not set,Blue,6,REAR-WHEEL DRIVE,4.0L 6,Flexible fuel,YES,GA - ATLANTA SOUTH,204677 ACTUAL,,Front end,"$ 4,300 USD",Unknown,Future Sale,On minimum bid,,,GA SALVAGE TITLE,1FMZU62KX4UA08467  Get instaVIN history report,
Salvage-2012-Hyundai-SONATA+GLS-for-Sale,"$ 5,945 USD",Sedan 4 door,Virtual Sale date not set,Blue,4,FRONT-WHEEL DRIVE,2.4L 4,Gasoline,YES,MN - MINNEAPOLIS NORTH,110220 ACTUAL,,Rear end,"$ 7,307 USD",Run & drive verified,Future Sale,Pure sale,Hail,,GA SALVAGE TITLE,5NPEB4AC2CH407633  Get instaVIN history report,
Salvage-2015-Hyundai-ACCENT+GS-for-Sale,"$ 7,520 USD",Hatchback,Virtual Sale date not set,Blue,4,FRONT-WHEEL DRIVE,1.6L 4,Gasoline,YES,NC - RALEIGH,90068 ACTUAL,,Water/flood,"$ 7,498 USD",Run & drive verified,Future Sale,Pure sale,,VEH LOC @ CONVERSE SUB LOT,NC WATER/FLOOD DAMAGE,KMHCT5AE1FU224080  Get instaVIN history report,
Salvage-2008-Toyota-HIGHLANDER-for-Sale,"$ 8,031 USD",4dr sport,Virtual Sale date not set,Green,6,FRONT-WHEEL DRIVE,3.5L 6,Gasoline,NO,GA - ATLANTA SOUTH,0 EXEMPT,,Front end,"$ 10,134 USD",Unknown,Future Sale,On minimum bid,Rear end,,GA SALVAGE TITLE,JTEDS43A782021530  Get instaVIN history report,
Salvage-2009-Volkswagen-ROUTAN+SE-for-Sale,,Sports van,Virtual Sale date not set,White,6,FRONT-WHEEL DRIVE,3.8L 6,Gasoline,YES,MA - NORTH BOSTON,143134 ACTUAL,,Mechanical,,Run & drive verified,Future Sale,On approval,Minor dent/scratches,,MA CLEAN TITLE,2V8HW34189R517513  Get instaVIN history report,
Salvage-2010-Honda-ACCORD+EXL-for-Sale,"$ 7,750 USD",Coupe,Virtual Sale date not set,Red,4,FRONT-WHEEL DRIVE,2.4L 4,Gasoline,YES,MA - NORTH BOSTON,132538 ACTUAL,,Front end,"$ 6,472 USD",Run & drive verified,Future Sale,Pure sale,Minor dent/scratches,,MA SALVAGE TITLE,1HGCS1B80AA011335  Get instaVIN history report,
Salvage-2006-Ford-EXPLORER+E-for-Sale,"$ 7,483 USD",4dr sport,Virtual Sale date not set,Burn,8,REAR-WHEEL DRIVE,4.6L 8,Gasoline,NO,GA - ATLANTA SOUTH,0 EXEMPT,,Burn,"$ 7,093 USD",Unknown,Future Sale,Pure sale,Burn - engine,,GA STOLEN/UNRECOVERED,1FMEU64826UA99706  Get instaVIN history report,
Salvage-2010-Mazda-CX-7-for-Sale,"$ 6,315 USD",4dr sport,Virtual Sale date not set,Black,4,FRONT-WHEEL DRIVE,2.5L 4,Gasoline,YES,NC - RALEIGH,111775 ACTUAL,,Rear end,"$ 4,706 USD",Run & drive verified,Future Sale,Pure sale,Minor dent/scratches,,NC SALVAGE CERTIFICATE,JM3ER2W55A0320756  Get instaVIN history report,
Salvage-1999-Pontiac-GRAND+AM+G-for-Sale,$ 150 USD,Sedan 4 door,Virtual Sale date not set,Black,6,FRONT-WHEEL DRIVE,3.4L 6,Gasoline,YES,MN - MINNEAPOLIS NORTH,197225 EXEMPT,,Normal wear,,Run & drive verified,Future Sale,On approval,,VEHICLE LOC @ U PULL R PART,WI CLEAN TITLE,1G2NW52E3XM913577  Get instaVIN history report,
Salvage-2011-Ford-FIESTA+SES-for-Sale,"$ 5,234 USD",Hatchback,Virtual Sale date not set,Red,4,FRONT-WHEEL DRIVE,1.6L 4,Gasoline,YES,IN - INDIANAPOLIS,117294 ACTUAL,,Front end,"$ 3,682 USD",Unknown,Future Sale,Pure sale,Minor dent/scratches,,IN SALVAGE TITLE,3FADP4FJ6BM134943  Get instaVIN history report,
Salvage-2011-Mitsubishi-OUTLANDER-for-Sale,"$ 7,266 USD",4dr sport,Virtual Sale date not set,Black,4,FRONT-WHEEL DRIVE,2.0L 4,Gasoline,NO,AR - LITTLE ROCK,0 NOT ACTUAL,,Front end,"$ 10,534 USD",Unknown,Future Sale,Pure sale,Side,,AR SALVAGE TITLE,JA4AP3AU1BZ019247  Get instaVIN history report,
Salvage-2014-Chevrolet-MALIBU+2LT-for-Sale,"$ 10,866 USD",Sedan 4 door,Virtual Sale date not set,White,4,FRONT-WHEEL DRIVE,2.5L 4,Gasoline,YES,TX - EL PASO,63971 ACTUAL,,Front end,"$ 8,430 USD",Run & drive verified,Future Sale,Pure sale,,,NM SALVAGE TITLE,1G11E5SL2EF192626  Get instaVIN history report,
Salvage-2014-Honda-CIVIC+EX-for-Sale,"$ 12,451 USD",Sedan 4 door,09/18/2019 at 11.30 AM CDT,White,4,FRONT-WHEEL DRIVE,1.8L 4,Gasoline,YES,AL - TANNER,53916 ACTUAL,,Front end,"$ 9,243 USD",Run & drive verified,09/18/2019 at 12.00 PM CDT,On minimum bid,,,AL SALVAGE TITLE,19XFB2F8XEE017058  Get instaVIN history report,
Salvage-2012-Cadillac-ESCALADE+E-for-Sale,"$ 22,082 USD",4dr sport,Virtual Sale date not set,Black,8,ALL WHEEL DRIVE,6.2L 8,Flexible fuel,YES,NC - RALEIGH,129432 ACTUAL,,Water/flood,"$ 24,824 USD",Run & drive verified,Future Sale,Pure sale,,VEH LOC @ CONVERSE SUB LOT,SC FLOOD - SALVAGE,1GYS4JEF0CR248145  Get instaVIN history report,
Salvage-2015-KIA-OPTIMA+HYBRID-for-Sale,"$ 14,750 USD",Sedan 4 door,Virtual Sale date not set,Black,4,FRONT-WHEEL DRIVE,2.4L 4,Hybrid,YES,NC - RALEIGH,59060 ACTUAL,,Water/flood,"$ 7,889 USD",Run & drive verified,Future Sale,Pure sale,,VEH LOC @ CONVERSE SUB LOT,NC WATER/FLOOD DAMAGE,KNAGM4ADXF5077351  Get instaVIN history report,
Salvage-2006-Volkswagen-JETTA+TDI-for-Sale,"$ 3,854 USD",Sedan 4 door,Virtual Sale date not set,Gray,4,FRONT-WHEEL DRIVE,1.9L 4,Diesel,YES,TX - EL PASO,200647 EXEMPT,,Side,,Unknown,Future Sale,On minimum bid,Rear end,,NM SALVAGE TITLE,3VWST71K86M845013  Get instaVIN history report,
Salvage-2004-GMC-YUKON+XL+D-for-Sale,"$ 5,546 USD",4dr sport,Virtual Sale date not set,White,8,ALL WHEEL DRIVE,6.0L 8,Gasoline,YES,NC - MOCKSVILLE,0 EXEMPT,,Front end,"$ 5,044 USD",Unknown,Future Sale,On minimum bid,,,NC PARTS ONLY,1GKFK66U74J108976  Get instaVIN history report,
Salvage-1996-Toyota-COROLLA+DX-for-Sale,,Sedan 4 door,Virtual Sale date not set,Red,4,FRONT-WHEEL DRIVE,1.8L 4,Gasoline,YES,MI - DETROIT,254624 EXEMPT,,Front end,,Run & drive verified,Future Sale,On approval,Side,,MI CLEAN TITLE,1NXBB02E6TZ380028  Get instaVIN history report,
Salvage-2013-KIA-SOUL-for-Sale,"$ 7,491 USD",4dr sport,Virtual Sale date not set,Green,4,FRONT-WHEEL DRIVE,1.6L 4,Gasoline,YES,NC - RALEIGH,57309 ACTUAL,,Front end,"$ 6,764 USD",Run & drive verified,Future Sale,Pure sale,,VEH LOC @ CONVERSE SUB LOT,SC SALVAGE TITLE,KNDJT2A5XD7628758  Get instaVIN history report,
Salvage-2004-Isuzu-RODEO+S-for-Sale,"$ 2,500 USD",4dr sport,09/10/2019 at 09.00 AM EDT,Black,6,REAR-WHEEL DRIVE,3.2L 6,Gasoline,YES,GA - ATLANTA SOUTH,243255 ACTUAL,,Front end,"$ 3,389 USD",Run & drive verified,09/10/2019 at 10.00 AM EDT,On minimum bid,,,GA SALVAGE TITLE,4S2CK58WX44315341  Get instaVIN history report,
Salvage-2014-Smart-FORTWO+PUR-for-Sale,"$ 5,938 USD",Coupe,Virtual Sale date not set,White,3,REAR-WHEEL DRIVE,1.0L 3,Gasoline,YES,GA - ATLANTA EAST,0 NOT ACTUAL,,Front end,"$ 4,429 USD",Unknown,Future Sale,Pure sale,,,GA SALVAGE TITLE,WMEEJ3BA7EK769960  Get instaVIN history report,
Salvage-2015-Nissan-PATHFINDER-for-Sale,"$ 16,863 USD",4dr sport,Virtual Sale date not set,Black,6,FOUR BY FOUR,3.5L 6,Gasoline,YES,CO - DENVER,44074 ACTUAL,,Front end,"$ 11,596 USD",Run & drive verified,Future Sale,Pure sale,,,CO CLEAN TITLE,5N1AR2MM5FC632191  Get instaVIN history report,
Salvage-2012-Nissan-VERSA+S-for-Sale,"$ 4,699 USD",Hatchback,09/10/2019 at 11.30 AM CDT,Gray,4,FRONT-WHEEL DRIVE,1.8L 4,Gasoline,YES,TX - CORPUS CHRISTI,103232 ACTUAL,,Side,"$ 5,019 USD",Unknown,09/10/2019 at 12.00 PM CDT,On minimum bid,,,TX NONREPAIRABLE VEH/TL/KILLS/VIN,3N1BC1CP1CL374173  Get instaVIN history report,
Salvage-2014-Ford-FOCUS+SE-for-Sale,"$ 9,195 USD",Sedan 4 door,Virtual Sale date not set,Gray,4,FRONT-WHEEL DRIVE,2.0L 4,Gasoline,YES,CO - COLORADO SPRINGS,44258 ACTUAL,,Hail,"$ 5,076 USD",Run & drive verified,Future Sale,On minimum bid,,VEH LOC @ CLOUD SUBLOT,CO CLEAN TITLE,1FADP3F2XEL286782  Get instaVIN history report,
Salvage-2006-Toyota-4RUNNER+SR-for-Sale,"$ 10,860 USD",4dr sport,Virtual Sale date not set,Silver,6,ALL WHEEL DRIVE,4.0L 6,Gasoline,YES,IN - INDIANAPOLIS,90112 ACTUAL,,Front end,"$ 7,637 USD",Run & drive verified,Future Sale,Pure sale,,,IN SALVAGE TITLE,JTEBU14R468074118  Get instaVIN history report,
Salvage-2005-Chevrolet-IMPALA-for-Sale,"$ 2,531 USD",Sedan 4 door,Virtual Sale date not set,Tan,6,FRONT-WHEEL DRIVE,3.4L 6,Gasoline,YES,GA - ATLANTA SOUTH,220990 EXEMPT,,Front end,"$ 2,906 USD",Run & drive verified,Future Sale,Pure sale,Minor dent/scratches,,GA SALVAGE TITLE,2G1WF52E659138954  Get instaVIN history report,
Salvage-2012-Dodge-CHALLENGER-for-Sale,"$ 15,995 USD",Coupe,Virtual Sale date not set,Black,8,REAR-WHEEL DRIVE,5.7L 8,Gasoline,YES,TX - EL PASO,89802 ACTUAL,,Rear end,"$ 9,144 USD",Vehicle Starts,Future Sale,Pure sale,,,NM SALVAGE TITLE,2C3CDYBT0CH280109  Get instaVIN history report,
Salvage-2017-Dodge-JOURNEY+SE-for-Sale,"$ 14,607 USD",4dr sport,Virtual Sale date not set,Gray,4,FRONT-WHEEL DRIVE,2.4L 4,Gasoline,YES,MO - ST. LOUIS,19042 ACTUAL,,Rear end,,Run & drive verified,Future Sale,Pure sale,,,MO SALVAGE CERTIFICATE,3C4PDCAB7HT708474  Get instaVIN history report,
Salvage-2001-Subaru-LEGACY+OUTBACK-for-Sale,"$ 2,946 USD",Station,Virtual Sale date not set,Blue,4,ALL WHEEL DRIVE,2.5L 4,Gasoline,YES,WA - NORTH SEATTLE,170349 EXEMPT,,Front end,"$ 5,704 USD",Vehicle Starts,Future Sale,On minimum bid,,,WA BILL OF SALE,4S3BH665X16647558  Get instaVIN history report,
Salvage-2004-Acura-MDX-for-Sale,"$ 4,710 USD",4dr sport,Virtual Sale date not set,Gray,6,ALL WHEEL DRIVE,3.5L 6,Gasoline,YES,CO - DENVER,190887 EXEMPT,,Front end,"$ 4,710 USD",Unknown,Future Sale,Pure sale,,,CO SALVAGE TITLE,2HNYD18264H546705  Get instaVIN history report,
Salvage-2001-Ford-ESCAPE+XLT-for-Sale,"$ 2,800 USD",4dr sport,Virtual Sale date not set,White,6,FRONT-WHEEL DRIVE,3.0L 6,Gasoline,YES,WV - CHARLESTON,148609 ACTUAL,,Front end,"$ 2,142 USD",Run & drive verified,Future Sale,On minimum bid,,,WV BILL OF SALE,1FMYU03131KF77246  Get instaVIN history report,
Salvage-2012-Dodge-AVENGER+SE-for-Sale,"$ 4,014 USD",Sedan 4 door,Virtual Sale date not set,Silver,4,FRONT-WHEEL DRIVE,2.4L 4,Gasoline,YES,NC - CHINA GROVE,138491 NOT ACTUAL,,Rear end,,Vehicle Starts,Future Sale,Pure sale,Front end,,NC SALVAGE CERTIFICATE,1C3CDZAB5CN323123  Get instaVIN history report,
Salvage-2014-Chevrolet-CRUZE-for-Sale,"$ 9,020 USD",Sedan 4 door,Virtual Sale date not set,White,4,FRONT-WHEEL DRIVE,2.0L 4,Diesel,YES,SC - NORTH CHARLESTON,125995 ACTUAL,,Front end,,Unknown,Future Sale,Pure sale,,,SC SALVAGE TITLE,1G1P75SZ5E7203427  Get instaVIN history report,
Salvage-2012-Chevrolet-CRUZE+LT-for-Sale,"$ 6,875 USD",Sedan 4 door,Virtual Sale date not set,Blue,4,FRONT-WHEEL DRIVE,1.4L 4,Gasoline,NO,MI - DETROIT,0 NOT ACTUAL,,Front end,"$ 17,808 USD",Unknown,Future Sale,Pure sale,Side,,OH CLEAN TITLE,1G1PF5SC6C7119984  Get instaVIN history report,
Salvage-2008-Ford-EXPLORER+E-for-Sale,"$ 7,607 USD",4dr sport,Virtual Sale date not set,White,6,REAR-WHEEL DRIVE,4.0L 6,Gasoline,YES,NC - RALEIGH,130653 ACTUAL,,Front end,"$ 7,274 USD",Unknown,Future Sale,Pure sale,Undercarriage,,SC SALVAGE TITLE,1FMEU64E58UA77210  Get instaVIN history report,
Salvage-2013-Dodge-DART+SXT-for-Sale,"$ 6,624 USD",Sedan 4 door,Virtual Sale date not set,Silver,4,FRONT-WHEEL DRIVE,2.0L 4,Gasoline,YES,MI - DETROIT,102228 ACTUAL,,Front end,"$ 10,977 USD",Vehicle Starts,Future Sale,Pure sale,,,OH CLEAN TITLE,1C3CDFBA1DD307853  Get instaVIN history report,
Salvage-2018-Chevrolet-MALIBU+LT-for-Sale,"$ 17,011 USD",Sedan 4 door,Virtual Sale date not set,White,4,FRONT-WHEEL DRIVE,1.5L 4,Gasoline,NO,MN - MINNEAPOLIS,0 NOT ACTUAL,,Front end,"$ 19,166 USD",Unknown,Future Sale,Pure sale,Rear end,,MN SALVAGE TITLE,1G1ZD5ST2JF142728  Get instaVIN history report,
Salvage-2014-Hyundai-SANTA+FE+S-for-Sale,"$ 18,204 CAD",4dr sport,,Black,4,ALL WHEEL DRIVE,2.4L 4,Gasoline,YES,ATLANTIC CANADA AUCTION,107743 ACTUAL,,Front end,"$ 14,893 CAD",Run & drive verified,Future Sale,Pure sale,,,NB SALVAGE TITLE,5XYZUDLB2EG128418  Get instaVIN history report,
Salvage-2005-Chevrolet-TRAILBLAZER-for-Sale,"$ 2,879 USD",4dr sport,Virtual Sale date not set,White,6,FOUR BY FOUR,4.2L 6,Gasoline,YES,NC - CHINA GROVE,242890 ACTUAL,,Rear end,"$ 5,796 USD",Run & drive verified,Future Sale,On approval,Undercarriage,,NC BILL OF SALE,1GNET16S456204811  Get instaVIN history report,
Salvage-2012-Dodge-AVENGER+SX-for-Sale,"$ 6,317 USD",Sedan 4 door,Virtual Sale date not set,Silver,4,FRONT-WHEEL DRIVE,2.4L 4,Gasoline,YES,IN - INDIANAPOLIS,89487 ACTUAL,,Front end,"$ 6,317 USD",Run & drive verified,Future Sale,Pure sale,,,IN SALVAGE TITLE,1C3CDZCB1CN156224  Get instaVIN history report,
Salvage-2001-Acura-MDX-for-Sale,"$ 2,779 USD",4dr sport,Virtual Sale date not set,Silver,6,ALL WHEEL DRIVE,3.5L 6,Gasoline,NO,NC - CHINA GROVE,0 EXEMPT,,Side,"$ 6,372 USD",Unknown,Future Sale,On approval,Undercarriage,,NC BILL OF SALE,2HNYD18291H511927  Get instaVIN history report,
Salvage-2012-Chevrolet-CRUZE+LS-for-Sale,"$ 6,540 USD",Sedan 4 door,Virtual Sale date not set,Green,4,FRONT-WHEEL DRIVE,1.8L 4,Gasoline,YES,IN - INDIANAPOLIS,0 NOT ACTUAL,,Front end,"$ 6,540 USD",Unknown,Future Sale,Pure sale,,,IN SALVAGE TITLE,1G1PC5SH7C7321883  Get instaVIN history report,
Salvage-2017-Toyota-RAV4+LIMITED-for-Sale,"$ 25,782 USD",4dr sport,09/13/2019 at 09.00 AM EDT,Red,4,ALL WHEEL DRIVE,2.5L 4,Gasoline,YES,MA - NORTH BOSTON,24818 ACTUAL,,Front end,"$ 16,115 USD",Run & drive verified,09/13/2019 at 10.00 AM EDT,On minimum bid,Minor dent/scratches,,MA SALVAGE TITLE,2T3DFREV5HW641242  Get instaVIN history report,
Salvage-2012-Chevrolet-CRUZE+LT-for-Sale,"$ 7,356 USD",Sedan 4 door,Virtual Sale date not set,Cream,4,FRONT-WHEEL DRIVE,1.4L 4,Gasoline,YES,MA - NORTH BOSTON,68078 ACTUAL,,Front end,"$ 8,133 USD",Vehicle Starts,Future Sale,Pure sale,Minor dent/scratches,,MA SALVAGE TITLE,1G1PF5SC3C7252315  Get instaVIN history report,
Salvage-2002-Ford-ESCAPE+XLS-for-Sale,"$ 2,335 USD",4dr sport,Virtual Sale date not set,Blue,4,FRONT-WHEEL DRIVE,2.0L 4,Gasoline,YES,LA - NEW ORLEANS,218271 EXEMPT,,Front end,"$ 1,874 USD",Vehicle Starts,Future Sale,Pure sale,Mechanical,,MS SALVAGE TITLE,1FMYU01B72KC15725  Get instaVIN history report,
Salvage-2010-Toyota-COROLLA+BA-for-Sale,"$ 7,504 CAD",Sedan 4 door,,Gray,4,FRONT-WHEEL DRIVE,1.8L 4,Gasoline,YES,ATLANTIC CANADA AUCTION,91437 ACTUAL,,Front end,"$ 6,015 CAD",Run & drive verified,Future Sale,Pure sale,Rear end,,NB CLEAN TITLE,2T1BU4EE8AC206523  Get instaVIN history report,
Salvage-2017-Buick-LACROSSE+P-for-Sale,"$ 24,153 USD",Sedan 4 door,Virtual Sale date not set,White,6,FRONT-WHEEL DRIVE,3.6L 6,Gasoline,YES,IN - INDIANAPOLIS,20025 ACTUAL,,Front end,"$ 20,213 USD",Run & drive verified,Future Sale,Pure sale,,,IN SALVAGE TITLE,1G4ZR5SS4HU174033  Get instaVIN history report,
Salvage-2005-Buick-CENTURY-for-Sale,"$ 1,925 USD",Sedan 4 door,Virtual Sale date not set,Gray,6,FRONT-WHEEL DRIVE,3.1L 6,Gasoline,YES,TX - AMARILLO,111151 EXEMPT,,Front end,"$ 2,337 USD",Vehicle Starts,Future Sale,On minimum bid,,,TX SALVAGE VEHICLE TITLE,2G4WS52J451108846  Get instaVIN history report,
Salvage-2017-Nissan-SENTRA+S-for-Sale,"$ 11,661 USD",Sedan 4 door,Virtual Sale date not set,Black,4,FRONT-WHEEL DRIVE,1.8L 4,Gasoline,YES,TX - SAN ANTONIO,35154 ACTUAL,,Front end,"$ 11,838 USD",Run & drive verified,Future Sale,Pure sale,,,TX SALVAGE VEHICLE TITLE,3N1AB7AP4HY351968  Get instaVIN history report,
Salvage-1999-Oldsmobile-INTRIGUE+G-for-Sale,"$ 3,089 USD",Sedan 4 door,Virtual Sale date not set,White,6,FRONT-WHEEL DRIVE,3.5L 6,Gasoline,YES,MO - ST. LOUIS,129191 ACTUAL,,Front end,,Vehicle Starts,Future Sale,Pure sale,Undercarriage,,MO CLEAN TITLE,1G3WX52H0XF367588  Get instaVIN history report,
Salvage-2003-Toyota-COROLLA+CE-for-Sale,"$ 4,043 USD",Sedan 4 door,Virtual Sale date not set,Black,4,FRONT-WHEEL DRIVE,1.8L 4,Gasoline,YES,SC - COLUMBIA,102518 EXEMPT,,Side,"$ 5,131 USD",Run & drive verified,Future Sale,Pure sale,,VEHICLE LOC@ PINE PLAINS LOT,SC SALVAGE TITLE,1NXBR32E23Z108735  Get instaVIN history report,
Salvage-2003-Acura-3.2CL-for-Sale,"$ 3,544 USD",Coupe,Virtual Sale date not set,Gold,6,FRONT-WHEEL DRIVE,3.2L 6,Gasoline,YES,MA - WEST WARREN,128309 EXEMPT,,Front end,"$ 12,690 USD",Vehicle Starts,Future Sale,On minimum bid,,,MA RECONSTRUCTED PREV SALVAGE,19UYA42473A011522  Get instaVIN history report,
Salvage-2009-Audi-A4+PRESTIGE-for-Sale,"$ 6,114 USD",Sedan 4 door,Virtual Sale date not set,Black,4,ALL WHEEL DRIVE,2.0L 4,Gasoline,YES,IN - INDIANAPOLIS,92493 ACTUAL,,Front end,"$ 7,795 USD",Unknown,Future Sale,Pure sale,,,IN SALVAGE TITLE,WAUMF78KX9N045605  Get instaVIN history report,
Salvage-2013-Ford-FOCUS+ST-for-Sale,"$ 11,828 USD",Hatchback,09/13/2019 at 09.00 AM EDT,Black,4,FRONT-WHEEL DRIVE,2.0L 4,Gasoline,YES,MA - NORTH BOSTON,0 NOT ACTUAL,,Front end,"$ 13,654 USD",Unknown,09/13/2019 at 10.00 AM EDT,On minimum bid,Minor dent/scratches,,MA SALVAGE TITLE,1FADP3L90DL154825  Get instaVIN history report,
Salvage-2002-Suzuki-OTHER-for-Sale,,,Virtual Sale date not set,Gold,6,ALL WHEEL DRIVE,2.7L 6,Gasoline,YES,CO - DENVER,164092 ACTUAL,,Normal wear,,Unknown,Future Sale,On approval,Mechanical,,CO CLEAN TITLE,JS3TX92V224123589  Get instaVIN history report,
Salvage-2017-Hyundai-ELANTRA+SE-for-Sale,"$ 12,767 USD",Sedan 4 door,Virtual Sale date not set,Silver,4,FRONT-WHEEL DRIVE,2.0L 4,Gasoline,YES,MN - MINNEAPOLIS NORTH,31537 ACTUAL,,Front end,"$ 9,218 USD",Run & drive verified,Future Sale,Pure sale,Rear end,,MN SALVAGE TITLE,5NPD74LF8HH206752  Get instaVIN history report,
Salvage-2000-Toyota-ECHO-for-Sale,$ 761 USD,Sedan 4 door,Virtual Sale date not set,Gray,4,FRONT-WHEEL DRIVE,1.5L 4,Gasoline,YES,TX - EL PASO,247149 EXEMPT,,Side,"$ 2,437 USD",Run & drive verified,Future Sale,Pure sale,,,NM SALVAGE TITLE,JTDBT1235Y0030930  Get instaVIN history report,
Salvage-2005-Toyota-CAMRY+LE-for-Sale,"$ 5,630 USD",Sedan 4 door,Virtual Sale date not set,Blue,4,FRONT-WHEEL DRIVE,2.4L 4,Gasoline,YES,NC - CHINA GROVE,120059 EXEMPT,,Front end,"$ 5,363 USD",Vehicle Starts,Future Sale,Pure sale,,,NC SALVAGE CERTIFICATE,4T1BE32K35U386774  Get instaVIN history report,
Salvage-2005-Dodge-DURANGO+ST-for-Sale,"$ 3,576 USD",4dr sport,Virtual Sale date not set,Black,6,REAR-WHEEL DRIVE,3.7L 6,Gasoline,YES,CA - BAKERSFIELD,141076 ACTUAL,,Side,,Run & drive verified,Future Sale,Pure sale,,,CA SALVAGE CERTIFICATE,1D4HD38K05F573373  Get instaVIN history report,
Salvage-2009-Ford-ESCAPE+XLT-for-Sale,"$ 6,011 USD",4dr sport,Virtual Sale date not set,Gray,6,FOUR BY FOUR,3.0L 6,Gasoline,NO,IN - INDIANAPOLIS,0 EXEMPT,,Front end,"$ 9,686 USD",Unknown,Future Sale,Pure sale,,,IN SALVAGE TITLE,1FMCU93G69KA02573  Get instaVIN history report,
Salvage-2017-GMC-YUKON+DENA-for-Sale,,4dr sport,Virtual Sale date not set,Black,8,REAR-WHEEL DRIVE,6.2L 8,Gasoline,NO,NC - RALEIGH,0 NOT ACTUAL,,Water/flood,,Unknown,Future Sale,Pure sale,,VEH LOC @ CONVERSE SUB LOT,NC WATER/FLOOD DAMAGE,1GKS1CKJ0HR156709  Get instaVIN history report,
Salvage-2012-Toyota-4RUNNER+SR-for-Sale,"$ 16,803 USD",4dr sport,09/10/2019 at 09.00 AM EDT,White,6,FOUR BY FOUR,4.0L 6,Gasoline,YES,NC - RALEIGH,125879 ACTUAL,,Front end,"$ 11,801 USD",Run & drive verified,09/10/2019 at 10.00 AM EDT,On minimum bid,Minor dent/scratches,,NC SALVAGE CERTIFICATE,JTEBU5JR9C5093434  Get instaVIN history report,
Salvage-2017-Hyundai-IONIQ+SEL-for-Sale,"$ 17,041 USD",Hatchback 4 door,Virtual Sale date not set,White,4,FRONT-WHEEL DRIVE,1.6L 4,Hybrid,YES,GA - CARTERSVILLE,0 NOT ACTUAL,,Front end,,Unknown,Future Sale,Pure sale,,,GA SALVAGE TITLE,KMHC75LC9HU039360  Get instaVIN history report,
Salvage-2002-Mercedes-Benz-C+320-for-Sale,"$ 2,993 USD",Sedan 4 door,Virtual Sale date not set,Beige,6,REAR-WHEEL DRIVE,3.2L 6,Flexible fuel,YES,IN - INDIANAPOLIS,0 EXEMPT,,Front end,,Run & drive verified,Future Sale,Pure sale,,,IN CLEAN TITLE,WDBRF64J52F254166  Get instaVIN history report,
Salvage-2015-Lexus-GX+BASE-for-Sale,"$ 33,784 USD",4dr sport,Virtual Sale date not set,Black,8,ALL WHEEL DRIVE,4.6L 8,Gasoline,YES,GA - ATLANTA SOUTH,58997 ACTUAL,,Front end,"$ 18,155 USD",Unknown,Future Sale,On minimum bid,Rear end,,GA SALVAGE TITLE,JTJBM7FX1F5107318  Get instaVIN history report,
Salvage-2001-Chevrolet-MALIBU+LS-for-Sale,"$ 1,983 USD",Sedan 4 door,Virtual Sale date not set,Silver,6,FRONT-WHEEL DRIVE,3.1L 6,Gasoline,NO,MO - ST. LOUIS,0 EXEMPT,,Front end,,Unknown,Future Sale,Pure sale,Rear end,,MO SALVAGE CERTIFICATE,1G1NE52J116213556  Get instaVIN history report,
Salvage-2018-Chevrolet-MALIBU+LT-for-Sale,"$ 16,550 USD",Sedan 4 door,,Red,4,FRONT-WHEEL DRIVE,1.5L 4,Gasoline,YES,RENTAL VEHICLE SALE,28507 ACTUAL,,Front end,"$ 15,549 USD",Run & drive verified,Future Sale,Pure sale,,,MO SALVAGE CERTIFICATE,1G1ZD5ST0JF269364  Get instaVIN history report,
Salvage-2015-Honda-CIVIC+EX-for-Sale,"$ 8,680 USD",Coupe,Virtual Sale date not set,Blue,4,FRONT-WHEEL DRIVE,1.8L 4,Gasoline,YES,MA - NORTH BOSTON,70626 ACTUAL,,Rollover,"$ 16,355 USD",Unknown,Future Sale,Pure sale,Undercarriage,,MA SALVAGE TITLE,2HGFG3B84FH508973  Get instaVIN history report,
Salvage-2013-Mercedes-Benz-E+350-for-Sale,"$ 17,362 USD",Sedan 4 door,Virtual Sale date not set,White,6,REAR-WHEEL DRIVE,3.5L 6,Gasoline,YES,TX - DALLAS,64954 ACTUAL,,Front end,"$ 14,372 USD",Unknown,Future Sale,Pure sale,,,TX SALVAGE VEHICLE TITLE,WDDHF5KB1DA680249  Get instaVIN history report,
Salvage-2003-Honda-CIVIC+LX-for-Sale,"$ 3,174 USD",Coupe,Virtual Sale date not set,Silver,4,FRONT-WHEEL DRIVE,1.7L 4,Gasoline,YES,NJ - GLASSBORO EAST,147917 NOT ACTUAL,,Side,"$ 3,512 USD",Vehicle Starts,Future Sale,Pure sale,,,NJ SALVAGE CERTIFICATE,1HGEM22533L085645  Get instaVIN history report,
Salvage-2012-Volkswagen-PASSAT+S-for-Sale,"$ 5,259 USD",Sedan 4 door,Virtual Sale date not set,White,5,FRONT-WHEEL DRIVE,2.5L 5,Gasoline,YES,MA - NORTH BOSTON,101970 ACTUAL,,Front end,"$ 6,958 USD",Vehicle Starts,Future Sale,Pure sale,Minor dent/scratches,,MA SALVAGE - PARTS ONLY,1VWAP7A33CC025802  Get instaVIN history report,
Salvage-2015-Volkswagen-TIGUAN+S-for-Sale,"$ 10,059 USD",4dr sport,Virtual Sale date not set,Blue,4,FRONT-WHEEL DRIVE,2.0L 4,Gasoline,YES,TX - AUSTIN,105927 ACTUAL,,Side,"$ 11,605 USD",Run & drive verified,Future Sale,Pure sale,Front end,,TX SALVAGE VEHICLE TITLE,WVGAV7AX3FW560574  Get instaVIN history report,
Salvage-2001-Lexus-GS+300-for-Sale,"$ 3,550 USD",Sedan 4 door,Virtual Sale date not set,Green,6,REAR-WHEEL DRIVE,3.0L 6,Gasoline,YES,NC - RALEIGH,213854 EXEMPT,,Front end,"$ 2,701 USD",Run & drive verified,Future Sale,Pure sale,,,SC SALVAGE TITLE,JT8BD69S810149485  Get instaVIN history report,
Salvage-2017-Audi-Q7+PREMIUM-for-Sale,"$ 44,111 USD",4dr sport,Virtual Sale date not set,Silver,6,ALL WHEEL DRIVE,3.0L 6,Gasoline,YES,MA - NORTH BOSTON,29988 ACTUAL,,Front end,"$ 32,385 USD",Run & drive verified,Future Sale,Pure sale,Undercarriage,,MA SALVAGE TITLE,WA1LAAF78HD025778  Get instaVIN history report,
Salvage-2011-Ford-FIESTA+SES-for-Sale,"$ 6,854 USD",Hatchback,Virtual Sale date not set,Blue,4,FRONT-WHEEL DRIVE,1.6L 4,Gasoline,YES,GA - ATLANTA EAST,91440 ACTUAL,,Top/roof,,Run & drive verified,Future Sale,Pure sale,Front end,,GA SALVAGE TITLE,3FADP4FJXBM107213  Get instaVIN history report,
Salvage-2004-Ford-EXPLORER+X-for-Sale,"$ 4,798 USD",4dr sport,Virtual Sale date not set,Black,6,REAR-WHEEL DRIVE,4.0L 6,Flexible fuel,YES,SC - COLUMBIA,0 EXEMPT,,Rollover,"$ 11,824 USD",Unknown,Future Sale,Pure sale,,VEH LOC @ STH GASTON SUBLOT,SC SALVAGE TITLE,1FMZU62K74UB53451  Get instaVIN history report,
Salvage-2017-Audi-A4+PREMIUM-for-Sale,"$ 25,045 USD",Sedan 4 door,09/13/2019 at 09.00 AM EDT,Gray,4,ALL WHEEL DRIVE,2.0L 4,Gasoline,YES,MA - NORTH BOSTON,0 NOT ACTUAL,,Front end,"$ 19,356 USD",Unknown,09/13/2019 at 10.00 AM EDT,On minimum bid,Rear end,,MA SALVAGE TITLE,WAUANAF48HA159664  Get instaVIN history report,
Salvage-2008-Chevrolet-IMPALA+LT-for-Sale,"$ 6,605 USD",Sedan 4 door,Virtual Sale date not set,White,6,FRONT-WHEEL DRIVE,3.5L 6,Gasoline,YES,OH - DAYTON,93934 ACTUAL,,Rear end,"$ 7,649 USD",Run & drive verified,Future Sale,Pure sale,,,NY SALVAGE TITLE,2G1WT58N489208553  Get instaVIN history report,
Salvage-2008-Toyota-CAMRY+CE-for-Sale,"$ 5,609 USD",Sedan 4 door,09/19/2019 at 11.30 AM CDT,Blue,4,FRONT-WHEEL DRIVE,2.4L 4,Gasoline,YES,IL - CHICAGO NORTH,150467 EXEMPT,,Front end,"$ 7,245 USD",Unknown,09/19/2019 at 12.00 PM CDT,On minimum bid,Minor dent/scratches,,IA SALVAGE TITLE,4T4BE46K98R019890  Get instaVIN history report,
Salvage-2008-Toyota-YARIS-for-Sale,"$ 3,022 USD",Sedan 4 door,Virtual Sale date not set,Gray,4,FRONT-WHEEL DRIVE,1.5L 4,Gasoline,YES,FL - MIAMI CENTRAL,142448 ACTUAL,,Front end,"$ 2,684 USD",Unknown,Future Sale,On minimum bid,Undercarriage,,FL SALVAGE TITLE/REBUILDABLE,JTDBT923381265528  Get instaVIN history report,
Salvage-2004-Honda-CIVIC+HYBRID-for-Sale,"$ 3,472 USD",Sedan 4 door,Virtual Sale date not set,White,4,FRONT-WHEEL DRIVE,1.3L 4,Hybrid,YES,CO - DENVER SOUTH,104920 ACTUAL,,Front end,"$ 3,472 USD",Run & drive verified,Future Sale,Pure sale,Minor dent/scratches,,CO PUBLIC - SALVAGE TITLE,JHMES95624S002830  Get instaVIN history report,
Salvage-2013-Chevrolet-CORVETTE+4-for-Sale,"$ 49,359 USD",Convertible,Virtual Sale date not set,Red,8,REAR-WHEEL DRIVE,7.0L 8,Gasoline,NO,SC - COLUMBIA,0 NOT ACTUAL,,Stripped,,Unknown,Future Sale,Pure sale,,,SC CLEAN TITLE,1G1YZ3DE2D5702029  Get instaVIN history report,
Salvage-2006-Lexus-RX+330-for-Sale,"$ 7,646 USD",4dr sport,Virtual Sale date not set,Silver,6,ALL WHEEL DRIVE,3.3L 6,Gasoline,YES,IN - INDIANAPOLIS,134988 ACTUAL,,Front end,,Run & drive verified,Future Sale,Pure sale,,,IN CLEAN TITLE,2T2HA31U96C095901  Get instaVIN history report,
Salvage-2013-Ford-FUSION+S-for-Sale,"$ 7,675 USD",Sedan 4 door,Virtual Sale date not set,Red,4,FRONT-WHEEL DRIVE,2.5L 4,Gasoline,YES,TX - EL PASO,104645 ACTUAL,,Front end,"$ 10,883 USD",Unknown,Future Sale,Pure sale,,,TX SALVAGE VEHICLE TITLE,3FA6P0G77DR215394  Get instaVIN history report,
Salvage-2018-Toyota-AVALON+XLE-for-Sale,"$ 21,731 USD",Sedan 4 door,Virtual Sale date not set,Gray,6,FRONT-WHEEL DRIVE,3.5L 6,Gasoline,YES,CA - SACRAMENTO,25832 ACTUAL,,Rear end,"$ 6,135 USD",Run & drive verified,Future Sale,On approval,,,MO SALVAGE CERTIFICATE,4T1BK1EB0JU284528  Get instaVIN history report,
Salvage-2012-Nissan-ALTIMA+BASE-for-Sale,"$ 6,822 USD",Sedan 4 door,Virtual Sale date not set,Silver,4,FRONT-WHEEL DRIVE,2.5L 4,Gasoline,YES,NC - MEBANE,102496 ACTUAL,,Rear end,"$ 5,983 USD",Run & drive verified,Future Sale,Pure sale,Side,,VA CERTIFICATE OF TITLE - SALVAGE,1N4AL2AP2CC126890  Get instaVIN history report,
Salvage-2010-KIA-RIO+LX-for-Sale,"$ 3,726 USD",Sedan 4 door,Virtual Sale date not set,Black,4,FRONT-WHEEL DRIVE,1.6L 4,Gasoline,YES,IN - INDIANAPOLIS,0 NOT ACTUAL,,Front end,"$ 4,698 USD",Unknown,Future Sale,Pure sale,,,IN SALVAGE TITLE,KNADH4A36A6687765  Get instaVIN history report,
Salvage-2011-Ford-FOCUS+SES-for-Sale,"$ 2,840 USD",Sedan 4 door,09/10/2019 at 09.00 AM EDT,Red,4,FRONT-WHEEL DRIVE,2.0L 4,Gasoline,YES,NC - RALEIGH,258671 ACTUAL,,Front end,"$ 2,758 USD",Run & drive verified,09/10/2019 at 10.00 AM EDT,On minimum bid,Minor dent/scratches,SOLD ON TITLE PENDING,NC SALVAGE CERTIFICATE,1FAHP3GN5BW184813  Get instaVIN history report,
Salvage-2010-KIA-FORTE+EX-for-Sale,"$ 6,700 USD",Coupe,09/13/2019 at 09.00 AM EDT,Black,4,FRONT-WHEEL DRIVE,2.0L 4,Gasoline,YES,MA - NORTH BOSTON,69339 ACTUAL,,Front end,"$ 5,473 USD",Run & drive verified,09/13/2019 at 10.00 AM EDT,On minimum bid,Minor dent/scratches,,MA SALVAGE TITLE,KNAFU6A29A5168836  Get instaVIN history report,
Salvage-2012-Scion-TC-for-Sale,"$ 8,331 USD",Hatchback,Virtual Sale date not set,Blue,4,FRONT-WHEEL DRIVE,2.5L 4,Gasoline,YES,CO - COLORADO SPRINGS,60183 NOT ACTUAL,,Front end,"$ 5,772 USD",Run & drive verified,Future Sale,On minimum bid,Hail,,MI CLEAN TITLE,JTKJF5C72C3030198  Get instaVIN history report,
Salvage-1996-Honda-CIVIC+EX-for-Sale,"$ 1,000 USD",Coupe,Virtual Sale date not set,Silver,4,FRONT-WHEEL DRIVE,1.6L 4,Gasoline,YES,VA - RICHMOND,207569 EXEMPT,,Front end,"$ 2,437 USD",Vehicle Starts,Future Sale,On approval,Mechanical,,VA CLEAN TITLE,1HGEJ8246TL065523  Get instaVIN history report,
Salvage-2005-Chevrolet-MALIBU-for-Sale,"$ 1,581 CAD",Sedan 4 door,,Silver,4,FRONT-WHEEL DRIVE,2.2L 4,Gasoline,YES,ATLANTIC CANADA AUCTION,314268 ACTUAL,,Front end,"$ 3,178 CAD",Run & drive verified,Future Sale,Pure sale,,,NB SALVAGE TITLE,1G1ZS52F35F310320  Get instaVIN history report,
Salvage-2015-Toyota-CAMRY+LE-for-Sale,"$ 11,600 USD",Sedan 4 door,Virtual Sale date not set,Silver,4,FRONT-WHEEL DRIVE,2.5L 4,Gasoline,YES,CO - COLORADO SPRINGS,63350 ACTUAL,,Hail,"$ 9,472 USD",Run & drive verified,Future Sale,Pure sale,Front end,,CO CLEAN TITLE,4T4BF1FK8FR504286  Get instaVIN history report,
Salvage-2013-Hyundai-SONATA+SE-for-Sale,"$ 12,883 USD",Sedan 4 door,Virtual Sale date not set,Black,4,FRONT-WHEEL DRIVE,2.4L 4,Gasoline,YES,NC - RALEIGH,0 NOT ACTUAL,,Water/flood,"$ 10,381 USD",Unknown,Future Sale,Pure sale,Biohazard/chemical,VEH LOC @ CONVERSE SUB LOT,SC FLOOD - SALVAGE,5NPEC4AC4DH678305  Get instaVIN history report,
Salvage-2010-Lincoln-MKT-for-Sale,"$ 8,692 USD",4dr sport,Virtual Sale date not set,White,6,FRONT-WHEEL DRIVE,3.7L 6,Gasoline,YES,TX - DALLAS SOUTH,148801 ACTUAL,,Front end,"$ 14,048 USD",Vehicle Starts,Future Sale,Pure sale,,,TX SALVAGE VEHICLE TITLE,2LMHJ5FRXABJ50345  Get instaVIN history report,
Salvage-2002-Saturn-SL1-for-Sale,"$ 1,987 CAD",Sedan 4 door,Virtual Sale date not set,Blue,4,FRONT-WHEEL DRIVE,1.9L 4,Gasoline,YES,AB - CALGARY,0 EXEMPT,,Front end,"$ 2,351 CAD",Unknown,Future Sale,On approval,,,BC VEH REGISTRATION-NO BRAND,1G8ZH52852Z117422  Get instaVIN history report,
Salvage-2015-Nissan-ALTIMA+2.5-for-Sale,"$ 9,761 USD",Sedan 4 door,09/13/2019 at 09.00 AM EDT,White,4,FRONT-WHEEL DRIVE,2.5L 4,Gasoline,NO,MA - NORTH BOSTON,0 NOT ACTUAL,,Front end,"$ 12,471 USD",Unknown,09/13/2019 at 10.00 AM EDT,On minimum bid,Minor dent/scratches,,MA SALVAGE TITLE,1N4AL3AP3FC276856  Get instaVIN history report,
Salvage-2017-Ford-FOCUS+SE-for-Sale,"$ 11,595 USD",Sedan 4 door,,Silver,4,FRONT-WHEEL DRIVE,2.0L 4,Gasoline,YES,RENTAL VEHICLE SALE,37787 ACTUAL,,Front end,"$ 8,993 USD",Run & drive verified,Future Sale,On approval,,,MO SALVAGE CERTIFICATE,1FADP3F23HL300428  Get instaVIN history report,
Salvage-2000-Jeep-GRAND+CHEROKEE-for-Sale,"$ 2,103 USD",4dr sport,Virtual Sale date not set,Black,6,FOUR BY FOUR,4.0L 6,Gasoline,YES,NC - CHINA GROVE,0 EXEMPT,,Front end,"$ 5,133 USD",Unknown,Future Sale,On approval,,,NC BILL OF SALE,1J4GW48S7YC371932  Get instaVIN history report,
Salvage-2018-Mazda-CX-5+SPORT-for-Sale,"$ 20,468 USD",4dr sport,Virtual Sale date not set,Blue,4,FRONT-WHEEL DRIVE,2.5L 4,Gasoline,NO,TX - SAN ANTONIO,0 NOT ACTUAL,,Rear end,"$ 14,208 USD",Unknown,Future Sale,Pure sale,Front end,,TX SALVAGE VEHICLE TITLE,JM3KFABM6J1329575  Get instaVIN history report,
Salvage-2008-Chevrolet-CORVETTE-for-Sale,"$ 16,227 USD",Coupe,Virtual Sale date not set,Black,8,REAR-WHEEL DRIVE,6.2L 8,Gasoline,YES,IN - INDIANAPOLIS,0 EXEMPT,,Front end,,Unknown,Future Sale,Pure sale,Top/roof,,IN CLEAN TITLE,1G1YY26W385100913  Get instaVIN history report,
Salvage-2014-Ford-EDGE+SEL-for-Sale,"$ 16,737 USD",4dr sport,09/10/2019 at 09.00 AM EDT,Black,6,ALL WHEEL DRIVE,3.5L 6,Gasoline,YES,NC - RALEIGH,0 NOT ACTUAL,,Front end,"$ 13,985 USD",Unknown,09/10/2019 at 10.00 AM EDT,On minimum bid,,,NC SALVAGE CERTIFICATE,2FMDK4JC1EBA00764  Get instaVIN history report,
Salvage-2011-Buick-LACROSSE+C-for-Sale,,Sedan 4 door,Virtual Sale date not set,White,6,FRONT-WHEEL DRIVE,3.6L 6,Gasoline,YES,NC - RALEIGH,0 NOT ACTUAL,,Water/flood,,Unknown,Future Sale,Pure sale,,VEH LOC @ CONVERSE SUB LOT,NC WATER/FLOOD DAMAGE,1G4GE5ED7BF234186  Get instaVIN history report,
Salvage-2006-Lexus-GS+GENERATION-for-Sale,"$ 8,508 USD",Sedan 4 door,Virtual Sale date not set,Blue,6,REAR-WHEEL DRIVE,3.0L 6,Gasoline,YES,NC - CHINA GROVE,99672 EXEMPT,,Front end,,Run & drive verified,Future Sale,Pure sale,,,NC SALVAGE CERTIFICATE,JTHBH96S065043164  Get instaVIN history report,
Salvage-2010-Nissan-ALTIMA+BASE-for-Sale,"$ 7,680 USD",Sedan 4 door,Virtual Sale date not set,Blue,4,FRONT-WHEEL DRIVE,2.5L 4,Gasoline,YES,MN - MINNEAPOLIS NORTH,154100 ACTUAL,,Front end,"$ 7,680 USD",Vehicle Starts,Future Sale,Pure sale,Side,,MN CLEAN TITLE,1N4AL2AP1AN421206  Get instaVIN history report,
Salvage-2009-Jeep-PATRIOT+SP-for-Sale,"$ 5,185 USD",4dr sport,Virtual Sale date not set,White,4,FRONT-WHEEL DRIVE,2.4L 4,Gasoline,YES,FL - JACKSONVILLE WEST,115718 ACTUAL,,Rear end,"$ 3,514 USD",Run & drive verified,Future Sale,Pure sale,Minor dent/scratches,,FL SALVAGE TITLE/REBUILDABLE,1J4FT28B79D110207  Get instaVIN history report,
Salvage-2017-Nissan-ROGUE+SV-for-Sale,"$ 13,726 USD",4dr sport,Virtual Sale date not set,White,4,FRONT-WHEEL DRIVE,2.5L 4,Gasoline,NO,TN - NASHVILLE,0 NOT ACTUAL,,Front end,"$ 13,726 USD",Unknown,Future Sale,Pure sale,Biohazard/chemical,,KY SALVAGE TITLE,5N1AT2MN5HC851908  Get instaVIN history report,
Salvage-2014-Dodge-GRAND+CARAVAN-for-Sale,"$ 11,726 USD",Sports van,Virtual Sale date not set,Black,6,FRONT-WHEEL DRIVE,3.6L 6,Flexible fuel,YES,MI - DETROIT,118293 ACTUAL,,Front end,"$ 10,291 USD",Run & drive verified,Future Sale,Pure sale,,,OH CLEAN TITLE,2C4RDGCG3ER122605  Get instaVIN history report,
Salvage-2005-Acura-TL-for-Sale,,Sedan 4 door,,Black,6,FRONT-WHEEL DRIVE,3.2L 6,Gasoline,YES,RENTAL VEHICLE SALE,159971 EXEMPT,,Front end,,Run & drive verified,Future Sale,Pure sale,,,NC SALVAGE CERTIFICATE,19UUA66285A048083  Get instaVIN history report,
Salvage-2004-Pontiac-GRAND+PRIX-for-Sale,"$ 4,478 USD",Sedan 4 door,Virtual Sale date not set,Black,6,FRONT-WHEEL DRIVE,3.8L 6,Gasoline,YES,MN - MINNEAPOLIS NORTH,221357 EXEMPT,,Front end,"$ 3,415 USD",Run & drive verified,Future Sale,On minimum bid,,,MN CLEAN TITLE,2G2WR524041147091  Get instaVIN history report,
Salvage-2004-Nissan-ALTIMA+BASE-for-Sale,"$ 3,183 USD",Sedan 4 door,Virtual Sale date not set,Silver,4,FRONT-WHEEL DRIVE,2.5L 4,Gasoline,YES,SC - COLUMBIA,191835 ACTUAL,,Side,"$ 3,101 USD",Run & drive verified,Future Sale,Pure sale,,VEHICLE LOC@ PINE PLAINS LOT,SC SALVAGE TITLE,1N4AL11D84C169017  Get instaVIN history report,
Salvage-1997-GMC-YUKON-for-Sale,"$ 3,690 USD",4dr sport,Virtual Sale date not set,Red,8,FOUR BY FOUR,5.7L 8,Gasoline,YES,NC - RALEIGH,172379 EXEMPT,,Water/flood,"$ 3,690 USD",Unknown,Future Sale,Pure sale,,VEH LOC @ CONVERSE SUB LOT,NC WATER/FLOOD DAMAGE,1GKEK13R5VJ729472  Get instaVIN history report,
Salvage-2009-Hyundai-SONATA+SE-for-Sale,"$ 4,145 USD",Sedan 4 door,Virtual Sale date not set,Burgundy,4,FRONT-WHEEL DRIVE,2.4L 4,Gasoline,YES,NC - RALEIGH,177719 EXEMPT,,Water/flood,"$ 5,456 USD",Run & drive verified,Future Sale,Pure sale,,,NC WATER/FLOOD DAMAGE,5NPEU46C69H467393  Get instaVIN history report,
Salvage-2009-Toyota-VENZA+BASE-for-Sale,"$ 16,078 CAD",4dr sport,Virtual Sale date not set,Brown,6,ALL WHEEL DRIVE,3.5L 6,Gasoline,YES,AB - CALGARY,0 EXEMPT,,Side,"$ 13,302 CAD",Unknown,Future Sale,Pure sale,Front end,"LOCATED IN SASKATOON, SK",AB BILL OF SALE - SALVAGE,4T3BK11A29U025524  Get instaVIN history report,
Salvage-2011-KIA-SORENTO+SX-for-Sale,"$ 7,858 USD",4dr sport,Virtual Sale date not set,Burgundy,6,FRONT-WHEEL DRIVE,3.5L 6,Gasoline,YES,MO - ST. LOUIS,151911 ACTUAL,,Rear end,"$ 9,709 USD",Run & drive verified,Future Sale,Pure sale,,,MO SALVAGE CERTIFICATE,5XYKW4A2XBG130279  Get instaVIN history report,
Salvage-2013-Subaru-LEGACY+2.5-for-Sale,"$ 13,029 USD",Sedan 4 door,Virtual Sale date not set,Maroon,4,ALL WHEEL DRIVE,2.5L 4,Gasoline,YES,CO - DENVER,44127 ACTUAL,,Front end,"$ 10,150 USD",Vehicle Starts,Future Sale,Pure sale,Rear end,,CO SALVAGE TITLE,4S3BMCG63D3031188  Get instaVIN history report,
Salvage-2013-KIA-OPTIMA+EX-for-Sale,"$ 14,079 USD",Sedan 4 door,Virtual Sale date not set,Silver,4,FRONT-WHEEL DRIVE,2.4L 4,Gasoline,YES,TX - EL PASO,41695 ACTUAL,,Rear end,"$ 9,133 USD",Run & drive verified,Future Sale,Pure sale,,,NM SALVAGE TITLE,5XXGN4A77DG245630  Get instaVIN history report,
Salvage-2014-Volkswagen-JETTA+BASE-for-Sale,"$ 6,797 USD",Sedan 4 door,09/10/2019 at 09.00 AM EDT,Gray,4,FRONT-WHEEL DRIVE,2.0L 4,Gasoline,YES,NC - RALEIGH,93375 ACTUAL,,Side,"$ 4,766 USD",Run & drive verified,09/10/2019 at 10.00 AM EDT,On minimum bid,,,NC SALVAGE CERTIFICATE,3VW1K7AJ3EM322017  Get instaVIN history report,
Salvage-2013-Honda-ACCORD+LX-for-Sale,"$ 9,688 USD",Sedan 4 door,Virtual Sale date not set,Gold,4,FRONT-WHEEL DRIVE,2.4L 4,Gasoline,YES,NC - RALEIGH,98617 ACTUAL,,Front end,"$ 6,936 USD",Run & drive verified,Future Sale,Pure sale,Normal wear,,NC SALVAGE CERTIFICATE,1HGCR2F36DA137087  Get instaVIN history report,
Salvage-2015-Hyundai-SONATA+SE-for-Sale,"$ 11,276 USD",Sedan 4 door,Virtual Sale date not set,Blue,4,FRONT-WHEEL DRIVE,2.4L 4,Gasoline,YES,IN - INDIANAPOLIS,157385 ACTUAL,,Front end,,Run & drive verified,Future Sale,Pure sale,,,IN SALVAGE TITLE,5NPE24AF2FH227440  Get instaVIN history report,
Salvage-2005-Chrysler-TOWN+%26+COUNTRY-for-Sale,"$ 2,196 USD",Extended,Virtual Sale date not set,Blue,6,FRONT-WHEEL DRIVE,3.8L 6,Gasoline,YES,IN - INDIANAPOLIS,178032 EXEMPT,,Front end,,Run & drive verified,Future Sale,Pure sale,,,IN CLEAN TITLE,2C4GP54L15R349533  Get instaVIN history report,
Salvage-1997-Honda-ACCORD+SE-for-Sale,,Sedan 4 door,Virtual Sale date not set,Burgundy,4,FRONT-WHEEL DRIVE,2.2L 4,Gasoline,YES,NC - CHINA GROVE,139225 ACTUAL,,Normal wear,,Run & drive verified,Future Sale,On approval,,,NC BILL OF SALE,1HGCD5608VA266181  Get instaVIN history report,
Salvage-2019-Nissan-PATHFINDER-for-Sale,"$ 37,601 CAD",4dr sport,Virtual Sale date not set,White,6,ALL WHEEL DRIVE,3.5L 6,Gasoline,YES,ON - LONDON,844 ACTUAL,,All over,"$ 40,327 CAD",Vehicle Starts,Future Sale,Pure sale,Undercarriage,PREVIOUS FLEET,ON PERMIT NO BRAND - UNFIT,5N1DR2MM9KC586839  Get instaVIN history report,
Salvage-2018-Chevrolet-EQUINOX+LT-for-Sale,"$ 19,534 USD",4dr sport,09/17/2019 at 09.00 AM EDT,Gold,4,FRONT-WHEEL DRIVE,1.5L 4,Gasoline,YES,IN - INDIANAPOLIS,0 NOT ACTUAL,,Front end,"$ 19,534 USD",Unknown,09/17/2019 at 10.00 AM EDT,On minimum bid,,,IN SALVAGE TITLE,3GNAXJEV8JL291661  Get instaVIN history report,
Salvage-2018-Toyota-YARIS+IA-for-Sale,"$ 14,875 USD",Sedan 4 door,Virtual Sale date not set,Blue,4,FRONT-WHEEL DRIVE,1.5L 4,Gasoline,YES,NE - LINCOLN,1922 ACTUAL,,Water/flood,"$ 15,000 USD",Run & drive verified,Future Sale,On minimum bid,Minor dent/scratches,,NE SALVAGE TITLE,3MYDLBYV6JY310909  Get instaVIN history report,
Salvage-2010-Honda-ACCORD+LX-for-Sale,"$ 6,664 USD",Sedan 4 door,Virtual Sale date not set,Black,4,FRONT-WHEEL DRIVE,2.4L 4,Gasoline,YES,NC - RALEIGH,115406 ACTUAL,,Side,"$ 6,915 USD",Run & drive verified,Future Sale,Pure sale,,,NC SALVAGE CERTIFICATE,1HGCP2F39AA070969  Get instaVIN history report,
Salvage-2014-Nissan-ALTIMA+2.5-for-Sale,"$ 11,240 USD",Sedan 4 door,Virtual Sale date not set,Brown,4,FRONT-WHEEL DRIVE,2.5L 4,Gasoline,NO,LA - NEW ORLEANS,11372 NOT ACTUAL,,Rear end,"$ 10,233 USD",Unknown,Future Sale,Pure sale,,,MS SALVAGE TITLE,1N4AL3AP5EC288926  Get instaVIN history report,
Salvage-1997-Volvo-850+T5-for-Sale,"$ 1,001 USD",Station,09/10/2019 at 09.00 AM EDT,Silver,5,FRONT-WHEEL DRIVE,2.4L 5,Gasoline,NO,NC - RALEIGH,206403 EXEMPT,,Front end,"$ 2,662 USD",Unknown,09/10/2019 at 10.00 AM EDT,On minimum bid,Minor dent/scratches,SOLD ON TITLE PENDING,NC SALVAGE CERTIFICATE,YV1LW5728V2322360  Get instaVIN history report,
Salvage-2018-Mitsubishi-MIRAGE+ES-for-Sale,"$ 12,381 USD",Hatchback 4 door,Virtual Sale date not set,Burgundy,3,FRONT-WHEEL DRIVE,1.2L 3,Gasoline,YES,NC - RALEIGH,9202 ACTUAL,,Rear end,"$ 12,663 USD",Run & drive verified,Future Sale,Pure sale,Front end,,NC SALVAGE CERTIFICATE,ML32A3HJ1JH000373  Get instaVIN history report,
Salvage-2012-Subaru-OUTBACK+2-for-Sale,"$ 12,100 USD",4dr sport,Virtual Sale date not set,Brown,4,ALL WHEEL DRIVE,2.5L 4,Gasoline,YES,RI - EXETER,118807 ACTUAL,,Front end,"$ 11,512 USD",Run & drive verified,Future Sale,Pure sale,,,RI SALVAGE CERTIFICATE,4S4BRBJC9C3289400  Get instaVIN history report,
Salvage-2006-Scion-XB-for-Sale,"$ 3,846 USD",4dr sport,Virtual Sale date not set,Blue,4,FRONT-WHEEL DRIVE,1.5L 4,Gasoline,YES,NC - MOCKSVILLE,177048 ACTUAL,,Rear end,"$ 4,678 USD",Vehicle Starts,Future Sale,On approval,Front end,,NC BILL OF SALE,JTLKT324864107143  Get instaVIN history report,
Salvage-2011-Nissan-ALTIMA+BASE-for-Sale,,Sedan 4 door,Virtual Sale date not set,Silver,4,FRONT-WHEEL DRIVE,2.5L 4,Gasoline,YES,MA - NORTH BOSTON,125722 ACTUAL,,Front end,,Run & drive verified,Future Sale,On approval,Minor dent/scratches,,MA CLEAN TITLE,1N4AL2AP3BC151697  Get instaVIN history report,
Salvage-2017-Toyota-CAMRY+LE-for-Sale,"$ 17,812 USD",Sedan 4 door,Virtual Sale date not set,Blue,4,FRONT-WHEEL DRIVE,2.5L 4,Gasoline,YES,IL - PEORIA,42343 ACTUAL,,Hail,"$ 17,870 USD",Run & drive verified,Future Sale,Pure sale,,,IN SALVAGE TITLE,4T1BF1FK2HU652883  Get instaVIN history report,
Salvage-2002-Honda-CIVIC+DX-for-Sale,,Sedan 4 door,Virtual Sale date not set,Silver,4,FRONT-WHEEL DRIVE,1.7L 4,Gasoline,YES,MI - IONIA,169102 EXEMPT,,Normal wear,,Unknown,Future Sale,On approval,Minor dent/scratches,,MI CLEAN TITLE,1HGES16152L025985  Get instaVIN history report,
Salvage-2015-Chevrolet-MALIBU+2LT-for-Sale,"$ 13,112 USD",Sedan 4 door,Virtual Sale date not set,Black,4,FRONT-WHEEL DRIVE,2.5L 4,Gasoline,YES,GA - ATLANTA NORTH,69109 NOT ACTUAL,,Front end,"$ 10,261 USD",Run & drive verified,Future Sale,Pure sale,,,MI CLEAN TITLE,1G11D5SL8FF170537  Get instaVIN history report,
Salvage-2014-Dodge-DART+SE+AE-for-Sale,"$ 8,587 USD",Sedan 4 door,Virtual Sale date not set,Burn,4,FRONT-WHEEL DRIVE,1.4L 4,Gasoline,NO,TN - NASHVILLE,0 NOT ACTUAL,,Burn,"$ 8,587 USD",Unknown,Future Sale,On approval,,,TN ABANDONMENT,1C3CDFDH2ED697230  Get instaVIN history report,
Salvage-2004-Dodge-NEON+SX+2-for-Sale,"$ 2,500 CAD",Sedan 4 door,Virtual Sale date not set,Red,4,FRONT-WHEEL DRIVE,2.0L 4,Gasoline,NO,AB - CALGARY,130021 EXEMPT,,Front end,,Unknown,Future Sale,Pure sale,,,AB BILL OF SALE - SALVAGE,1B3ES46C74D592652  Get instaVIN history report,
Salvage-2010-Buick-LACROSSE+C-for-Sale,"$ 7,147 USD",Sedan 4 door,Virtual Sale date not set,Silver,6,FRONT-WHEEL DRIVE,3.0L 6,Gasoline,YES,GA - ATLANTA SOUTH,74371 ACTUAL,,Front end,"$ 6,371 USD",Run & drive verified,Future Sale,On minimum bid,,,GA SALVAGE TITLE,1G4GC5EG1AF149861  Get instaVIN history report,
Salvage-2009-Lexus-RX+350-for-Sale,"$ 11,390 USD",4dr sport,Virtual Sale date not set,Black,6,ALL WHEEL DRIVE,3.5L 6,Gasoline,YES,SC - SPARTANBURG,130326 ACTUAL,,Rear end,,Run & drive verified,Future Sale,On minimum bid,Front end,VEH LOC @ SPARTANBURG SC LOT,TN CLEAN TITLE,2T2HK31U79C131845  Get instaVIN history report,
Salvage-2013-Toyota-RAV4+XLE-for-Sale,"$ 15,379 USD",4dr sport,Virtual Sale date not set,Gray,4,FRONT-WHEEL DRIVE,2.5L 4,Gasoline,YES,CO - DENVER SOUTH,74582 ACTUAL,,Hail,"$ 12,602 USD",Run & drive verified,Future Sale,Pure sale,,,HI CLEAN TITLE,JTMWFREV0DD010334  Get instaVIN history report,
Salvage-2014-Nissan-MURANO+S-for-Sale,"$ 11,212 USD",4dr sport,Virtual Sale date not set,Black,6,FRONT-WHEEL DRIVE,3.5L 6,Gasoline,YES,NC - RALEIGH,82584 ACTUAL,,Minor dent/scratches,,Run & drive verified,Future Sale,Pure sale,,,NC SALVAGE CERTIFICATE,JN8AZ1MU1EW403541  Get instaVIN history report,
Salvage-2012-Ford-FUSION+SE-for-Sale,"$ 6,330 USD",Sedan 4 door,Virtual Sale date not set,White,6,FRONT-WHEEL DRIVE,3.0L 6,Flexible fuel,NO,IN - INDIANAPOLIS,0 NOT ACTUAL,,Front end,,Unknown,Future Sale,Pure sale,Biohazard/chemical,VEH LOCATED @ CICERO SUBLOT,IN CLEAN TITLE,3FAHP0HG3CR422158  Get instaVIN history report,
Salvage-2000-Honda-CIVIC+SE-for-Sale,"$ 1,525 CAD",Hatchback,Virtual Sale date not set,Gray,4,FRONT-WHEEL DRIVE,1.6L 4,Gasoline,YES,AB - CALGARY,0 EXEMPT,,Side,,Unknown,Future Sale,Pure sale,,,BC VEH REGISTRATION-NON-REPAIRABL,2HGEJ6450YH008426  Get instaVIN history report,
Salvage-2009-Mercury-MILAN+PREMIUM-for-Sale,"$ 3,995 USD",Sedan 4 door,Virtual Sale date not set,White,4,FRONT-WHEEL DRIVE,2.3L 4,Gasoline,YES,IN - INDIANAPOLIS,158194 ACTUAL,,Side,"$ 6,641 USD",Unknown,Future Sale,Pure sale,Front end,,IN SALVAGE TITLE,3MEHM08ZX9R622806  Get instaVIN history report,
Salvage-2005-Nissan-ALTIMA-for-Sale,"$ 2,608 USD",Sedan 4 door,Virtual Sale date not set,Gray,4,FRONT-WHEEL DRIVE,2.5L 4,Gasoline,YES,NY - LONG ISLAND,112454 ACTUAL,,Rear end,"$ 4,765 USD",Run & drive verified,Future Sale,On minimum bid,,,NY MV907A DISMANTLERS,1N4AL11D85C151053  Get instaVIN history report,
Salvage-2011-Mercedes-Benz-C+300+4MATIC-for-Sale,"$ 14,175 USD",Sedan 4 door,Virtual Sale date not set,Black,6,ALL WHEEL DRIVE,3.0L 6,Gasoline,YES,MO - ST. LOUIS,63134 ACTUAL,,Front end,"$ 10,346 USD",Vehicle Starts,Future Sale,Pure sale,Mechanical,,MO SALVAGE CERTIFICATE,WDDGF8BB3BR168908  Get instaVIN history report,
Salvage-2003-Mercedes-Benz-ML+500-for-Sale,"$ 3,368 USD",4dr sport,09/17/2019 at 11.30 AM MDT,Blue,8,ALL WHEEL DRIVE,5.0L 8,Gasoline,YES,CO - DENVER,131158 EXEMPT,,Side,"$ 6,812 USD",Run & drive verified,09/17/2019 at 12.00 PM MDT,On minimum bid,,,CO SALVAGE TITLE,4JGAB75E53A382242  Get instaVIN history report,
Salvage-2010-Volkswagen-JETTA+TDI-for-Sale,"$ 9,588 USD",Sedan 4 door,Virtual Sale date not set,Blue,4,FRONT-WHEEL DRIVE,2.0L 4,Diesel,NO,CO - COLORADO SPRINGS,136032 ACTUAL,,Hail,"$ 5,487 USD",Run & drive verified,Future Sale,On minimum bid,,VEH LOC @ CLOUD SUBLOT,CO CLEAN TITLE,3VWRL7AJ0AM090339  Get instaVIN history report,
Salvage-2008-Dodge-GRAND+CARAVAN-for-Sale,"$ 4,350 USD",Extended,Virtual Sale date not set,Blue,6,FRONT-WHEEL DRIVE,3.3L 6,Flexible fuel,YES,NC - CHINA GROVE,154456 ACTUAL,,Minor dent/scratches,,Run & drive verified,Future Sale,On approval,,,NC BILL OF SALE,1D8HN44H18B143536  Get instaVIN history report,
Salvage-2011-Scion-XD-for-Sale,"$ 4,709 USD",Hatchback,09/13/2019 at 09.00 AM EDT,Red,4,FRONT-WHEEL DRIVE,1.8L 4,Gasoline,YES,MA - NORTH BOSTON,145911 ACTUAL,,Rear end,"$ 6,135 USD",Run & drive verified,09/13/2019 at 10.00 AM EDT,On minimum bid,Side,,MA SALVAGE TITLE,JTKKU4B41B1009896  Get instaVIN history report,
Salvage-1999-Nissan-PATHFINDER-for-Sale,"$ 3,373 CAD",4dr sport,Virtual Sale date not set,Red,6,FOUR BY FOUR,3.3L 6,Gasoline,YES,AB - CALGARY,313352 ACTUAL,,Vandalism,,Unknown,Future Sale,Pure sale,,,BC VEH REGISTRATION-SALVAGE,JN8AR07Y2XW358833  Get instaVIN history report,
Salvage-1997-Ford-TAURUS+GL-for-Sale,,Sedan 4 door,Virtual Sale date not set,Green,6,FRONT-WHEEL DRIVE,3.0L 6,Gasoline,YES,OR - PORTLAND NORTH,149137 ACTUAL,,Normal wear,,Run & drive verified,Future Sale,On approval,,,OR CLEAN TITLE,1FALP52U8VG116279  Get instaVIN history report,
Salvage-2010-Chrysler-300C-for-Sale,"$ 9,825 USD",Sedan 4 door,Virtual Sale date not set,Gray,8,ALL WHEEL DRIVE,5.7L 8,Gasoline,YES,MN - MINNEAPOLIS NORTH,115074 ACTUAL,,Front end,"$ 9,140 USD",Run & drive verified,Future Sale,Pure sale,Minor dent/scratches,,MN SALVAGE TITLE,2C3CK6CT1AH142147  Get instaVIN history report,
Salvage-2007-Toyota-PRIUS-for-Sale,"$ 7,545 CAD",Hatchback,Virtual Sale date not set,Black,4,FRONT-WHEEL DRIVE,1.5L 4,Hybrid,YES,AB - CALGARY,78449 ACTUAL,,Front end,"$ 6,204 CAD",Unknown,Future Sale,Pure sale,,,AB BILL OF SALE - IRREPAIRABLE,JTDKB20U177654167  Get instaVIN history report,
